seed,axis,shift_px,test_err,run_id,notebook,python,torch,device
0,가로,-8,77.98,20260921_090831,lenet_1998.ipynb,3.13.15,2.11.0+cu128,Tesla T4
0,가로,-7,74.59,20260921_090831,lenet_1998.ipynb,3.13.15,2.11.0+cu128,Tesla T4
0,가로,-6,65.24,20260921_090831,lenet_1998.ipynb,3.13.15,2.11.0+cu128,Tesla T4
0,가로,-5,52.58,20260921_090831,lenet_1998.ipynb,3.13.15,2.11.0+cu128,Tesla T4
0,가로,-4,36.45,20260921_090831,lenet_1998.ipynb,3.13.15,2.11.0+cu128,Tesla T4
0,가로,-3,19.75,20260921_090831,lenet_1998.ipynb,3.13.15,2.11.0+cu128,Tesla T4
0,가로,-2,6.88,20260921_090831,lenet_1998.ipynb,3.13.15,2.11.0+cu128,Tesla T4
0,가로,-1,2.73,20260921_090831,lenet_1998.ipynb,3.13.15,2.11.0+cu128,Tesla T4
0,가로,0,2.01,20260921_090831,lenet_1998.ipynb,3.13.15,2.11.0+cu128,Tesla T4
0,가로,1,2.64,20260921_090831,lenet_1998.ipynb,3.13.15,2.11.0+cu128,Tesla T4
0,가로,2,5.46,20260921_090831,lenet_1998.ipynb,3.13.15,2.11.0+cu128,Tesla T4
0,가로,3,20.25,20260921_090831,lenet_1998.ipynb,3.13.15,2.11.0+cu128,Tesla T4
0,가로,4,39.41,20260921_090831,lenet_1998.ipynb,3.13.15,2.11.0+cu128,Tesla T4
0,가로,5,58.67,20260921_090831,lenet_1998.ipynb,3.13.15,2.11.0+cu128,Tesla T4
0,가로,6,69.19,20260921_090831,lenet_1998.ipynb,3.13.15,2.11.0+cu128,Tesla T4
0,가로,7,75.05,20260921_090831,lenet_1998.ipynb,3.13.15,2.11.0+cu128,Tesla T4
0,가로,8,78.71,20260921_090831,lenet_1998.ipynb,3.13.15,2.11.0+cu128,Tesla T4
0,세로,-8,87.24,20260921_090831,lenet_1998.ipynb,3.13.15,2.11.0+cu128,Tesla T4
0,세로,-7,86.4,20260921_090831,lenet_1998.ipynb,3.13.15,2.11.0+cu128,Tesla T4
0,세로,-6,84.3,20260921_090831,lenet_1998.ipynb,3.13.15,2.11.0+cu128,Tesla T4
0,세로,-5,77.16,20260921_090831,lenet_1998.ipynb,3.13.15,2.11.0+cu128,Tesla T4
0,세로,-4,59.72,20260921_090831,lenet_1998.ipynb,3.13.15,2.11.0+cu128,Tesla T4
0,세로,-3,33.95,20260921_090831,lenet_1998.ipynb,3.13.15,2.11.0+cu128,Tesla T4
0,세로,-2,12.4,20260921_090831,lenet_1998.ipynb,3.13.15,2.11.0+cu128,Tesla T4
0,세로,-1,3.54,20260921_090831,lenet_1998.ipynb,3.13.15,2.11.0+cu128,Tesla T4
0,세로,0,2.01,20260921_090831,lenet_1998.ipynb,3.13.15,2.11.0+cu128,Tesla T4
0,세로,1,3.19,20260921_090831,lenet_1998.ipynb,3.13.15,2.11.0+cu128,Tesla T4
0,세로,2,8.91,20260921_090831,lenet_1998.ipynb,3.13.15,2.11.0+cu128,Tesla T4
0,세로,3,26.73,20260921_090831,lenet_1998.ipynb,3.13.15,2.11.0+cu128,Tesla T4
0,세로,4,55.48,20260921_090831,lenet_1998.ipynb,3.13.15,2.11.0+cu128,Tesla T4
0,세로,5,73.63,20260921_090831,lenet_1998.ipynb,3.13.15,2.11.0+cu128,Tesla T4
0,세로,6,82.93,20260921_090831,lenet_1998.ipynb,3.13.15,2.11.0+cu128,Tesla T4
0,세로,7,86.12,20260921_090831,lenet_1998.ipynb,3.13.15,2.11.0+cu128,Tesla T4
0,세로,8,87.23,20260921_090831,lenet_1998.ipynb,3.13.15,2.11.0+cu128,Tesla T4
1,가로,-8,80.44,20260921_090831,lenet_1998.ipynb,3.13.15,2.11.0+cu128,Tesla T4
1,가로,-7,78.1,20260921_090831,lenet_1998.ipynb,3.13.15,2.11.0+cu128,Tesla T4
1,가로,-6,70.46,20260921_090831,lenet_1998.ipynb,3.13.15,2.11.0+cu128,Tesla T4
1,가로,-5,54.89,20260921_090831,lenet_1998.ipynb,3.13.15,2.11.0+cu128,Tesla T4
1,가로,-4,34.07,20260921_090831,lenet_1998.ipynb,3.13.15,2.11.0+cu128,Tesla T4
1,가로,-3,17.19,20260921_090831,lenet_1998.ipynb,3.13.15,2.11.0+cu128,Tesla T4
1,가로,-2,6.01,20260921_090831,lenet_1998.ipynb,3.13.15,2.11.0+cu128,Tesla T4
1,가로,-1,2.43,20260921_090831,lenet_1998.ipynb,3.13.15,2.11.0+cu128,Tesla T4
1,가로,0,1.74,20260921_090831,lenet_1998.ipynb,3.13.15,2.11.0+cu128,Tesla T4
1,가로,1,2.49,20260921_090831,lenet_1998.ipynb,3.13.15,2.11.0+cu128,Tesla T4
1,가로,2,7.2,20260921_090831,lenet_1998.ipynb,3.13.15,2.11.0+cu128,Tesla T4
1,가로,3,22.71,20260921_090831,lenet_1998.ipynb,3.13.15,2.11.0+cu128,Tesla T4
1,가로,4,39.79,20260921_090831,lenet_1998.ipynb,3.13.15,2.11.0+cu128,Tesla T4
1,가로,5,56.31,20260921_090831,lenet_1998.ipynb,3.13.15,2.11.0+cu128,Tesla T4
1,가로,6,70.08,20260921_090831,lenet_1998.ipynb,3.13.15,2.11.0+cu128,Tesla T4
1,가로,7,75.16,20260921_090831,lenet_1998.ipynb,3.13.15,2.11.0+cu128,Tesla T4
1,가로,8,76.11,20260921_090831,lenet_1998.ipynb,3.13.15,2.11.0+cu128,Tesla T4
1,세로,-8,81.69,20260921_090831,lenet_1998.ipynb,3.13.15,2.11.0+cu128,Tesla T4
1,세로,-7,81.81,20260921_090831,lenet_1998.ipynb,3.13.15,2.11.0+cu128,Tesla T4
1,세로,-6,81.02,20260921_090831,lenet_1998.ipynb,3.13.15,2.11.0+cu128,Tesla T4
1,세로,-5,75.24,20260921_090831,lenet_1998.ipynb,3.13.15,2.11.0+cu128,Tesla T4
1,세로,-4,58.84,20260921_090831,lenet_1998.ipynb,3.13.15,2.11.0+cu128,Tesla T4
1,세로,-3,34.36,20260921_090831,lenet_1998.ipynb,3.13.15,2.11.0+cu128,Tesla T4
1,세로,-2,11.77,20260921_090831,lenet_1998.ipynb,3.13.15,2.11.0+cu128,Tesla T4
1,세로,-1,3.31,20260921_090831,lenet_1998.ipynb,3.13.15,2.11.0+cu128,Tesla T4
1,세로,0,1.74,20260921_090831,lenet_1998.ipynb,3.13.15,2.11.0+cu128,Tesla T4
1,세로,1,3.22,20260921_090831,lenet_1998.ipynb,3.13.15,2.11.0+cu128,Tesla T4
1,세로,2,9.1,20260921_090831,lenet_1998.ipynb,3.13.15,2.11.0+cu128,Tesla T4
1,세로,3,26.27,20260921_090831,lenet_1998.ipynb,3.13.15,2.11.0+cu128,Tesla T4
1,세로,4,54.51,20260921_090831,lenet_1998.ipynb,3.13.15,2.11.0+cu128,Tesla T4
1,세로,5,76.1,20260921_090831,lenet_1998.ipynb,3.13.15,2.11.0+cu128,Tesla T4
1,세로,6,84.95,20260921_090831,lenet_1998.ipynb,3.13.15,2.11.0+cu128,Tesla T4
1,세로,7,88.96,20260921_090831,lenet_1998.ipynb,3.13.15,2.11.0+cu128,Tesla T4
1,세로,8,91.88,20260921_090831,lenet_1998.ipynb,3.13.15,2.11.0+cu128,Tesla T4
2,가로,-8,77.85,20260921_090831,lenet_1998.ipynb,3.13.15,2.11.0+cu128,Tesla T4
2,가로,-7,75.55,20260921_090831,lenet_1998.ipynb,3.13.15,2.11.0+cu128,Tesla T4
2,가로,-6,69.45,20260921_090831,lenet_1998.ipynb,3.13.15,2.11.0+cu128,Tesla T4
2,가로,-5,58.57,20260921_090831,lenet_1998.ipynb,3.13.15,2.11.0+cu128,Tesla T4
2,가로,-4,40.78,20260921_090831,lenet_1998.ipynb,3.13.15,2.11.0+cu128,Tesla T4
2,가로,-3,18.56,20260921_090831,lenet_1998.ipynb,3.13.15,2.11.0+cu128,Tesla T4
2,가로,-2,6.51,20260921_090831,lenet_1998.ipynb,3.13.15,2.11.0+cu128,Tesla T4
2,가로,-1,2.84,20260921_090831,lenet_1998.ipynb,3.13.15,2.11.0+cu128,Tesla T4
2,가로,0,2.01,20260921_090831,lenet_1998.ipynb,3.13.15,2.11.0+cu128,Tesla T4
2,가로,1,2.86,20260921_090831,lenet_1998.ipynb,3.13.15,2.11.0+cu128,Tesla T4
2,가로,2,9.39,20260921_090831,lenet_1998.ipynb,3.13.15,2.11.0+cu128,Tesla T4
2,가로,3,23.49,20260921_090831,lenet_1998.ipynb,3.13.15,2.11.0+cu128,Tesla T4
2,가로,4,40.82,20260921_090831,lenet_1998.ipynb,3.13.15,2.11.0+cu128,Tesla T4
2,가로,5,62.77,20260921_090831,lenet_1998.ipynb,3.13.15,2.11.0+cu128,Tesla T4
2,가로,6,73.53,20260921_090831,lenet_1998.ipynb,3.13.15,2.11.0+cu128,Tesla T4
2,가로,7,77.3,20260921_090831,lenet_1998.ipynb,3.13.15,2.11.0+cu128,Tesla T4
2,가로,8,79.94,20260921_090831,lenet_1998.ipynb,3.13.15,2.11.0+cu128,Tesla T4
2,세로,-8,87.05,20260921_090831,lenet_1998.ipynb,3.13.15,2.11.0+cu128,Tesla T4
2,세로,-7,86.47,20260921_090831,lenet_1998.ipynb,3.13.15,2.11.0+cu128,Tesla T4
2,세로,-6,83.97,20260921_090831,lenet_1998.ipynb,3.13.15,2.11.0+cu128,Tesla T4
2,세로,-5,76.97,20260921_090831,lenet_1998.ipynb,3.13.15,2.11.0+cu128,Tesla T4
2,세로,-4,61.0,20260921_090831,lenet_1998.ipynb,3.13.15,2.11.0+cu128,Tesla T4
2,세로,-3,35.63,20260921_090831,lenet_1998.ipynb,3.13.15,2.11.0+cu128,Tesla T4
2,세로,-2,13.02,20260921_090831,lenet_1998.ipynb,3.13.15,2.11.0+cu128,Tesla T4
2,세로,-1,3.81,20260921_090831,lenet_1998.ipynb,3.13.15,2.11.0+cu128,Tesla T4
2,세로,0,2.01,20260921_090831,lenet_1998.ipynb,3.13.15,2.11.0+cu128,Tesla T4
2,세로,1,3.38,20260921_090831,lenet_1998.ipynb,3.13.15,2.11.0+cu128,Tesla T4
2,세로,2,10.2,20260921_090831,lenet_1998.ipynb,3.13.15,2.11.0+cu128,Tesla T4
2,세로,3,30.51,20260921_090831,lenet_1998.ipynb,3.13.15,2.11.0+cu128,Tesla T4
2,세로,4,58.01,20260921_090831,lenet_1998.ipynb,3.13.15,2.11.0+cu128,Tesla T4
2,세로,5,78.88,20260921_090831,lenet_1998.ipynb,3.13.15,2.11.0+cu128,Tesla T4
2,세로,6,86.9,20260921_090831,lenet_1998.ipynb,3.13.15,2.11.0+cu128,Tesla T4
2,세로,7,89.81,20260921_090831,lenet_1998.ipynb,3.13.15,2.11.0+cu128,Tesla T4
2,세로,8,92.52,20260921_090831,lenet_1998.ipynb,3.13.15,2.11.0+cu128,Tesla T4
