seed,converged,sweeps,E,max_sweeps,hidden,eps,alpha,anti_h1,anti_h2,mirror,r1,r2,r3,w_h1,bias_h1,bias_out,w_out,run_id,notebook,python,numpy,platform
0,True,17395,0.285071768539891,20000,2,0.1,0.9,0.000680660208246541,0.00012728358026519698,0.07334309912934266,1.0,1.9824453808265592,3.9279488336440864,-4.14;8.21;-2.09;2.09;-8.21;4.14,-1.7356037589867532,4.326802152298434,-10.31;-10.12,20260919_173231,backprop_1986.ipynb,3.13.15,2.1.3,Linux-6.6.122+-x86_64-with-glibc2.39
1,True,808,0.2847173712581066,20000,2,0.1,0.9,0.0005273589980321157,0.0005086733455678116,0.005252181308337364,1.0,1.9815006652011666,3.9368660999525105,-4.23;-8.40;-2.13;2.13;8.40;4.23,-1.77765887405758,4.39674562866805,-10.38;-10.37,20260919_173231,backprop_1986.ipynb,3.13.15,2.1.3,Linux-6.6.122+-x86_64-with-glibc2.39
2,True,14775,0.28528802950450394,20000,2,0.1,0.9,0.0004930682569484575,0.0004617792488779407,0.005217530152391854,1.0,1.9854515418944911,3.9388150452956023,-4.23;8.40;-2.13;2.13;-8.40;4.23,-1.777409982843406,4.39503719794886,-10.38;-10.36,20260919_173231,backprop_1986.ipynb,3.13.15,2.1.3,Linux-6.6.122+-x86_64-with-glibc2.39
3,True,1190,0.2807627554247347,20000,2,0.1,0.9,0.0004023935393102614,0.0003799565871416733,0.0035236939316325624,1.0,1.986293685135832,3.9388507684464478,-2.15;-4.26;-8.45;8.45;4.26;2.14,-1.786335188543616,4.382102064170459,-10.36;-10.35,20260919_173231,backprop_1986.ipynb,3.13.15,2.1.3,Linux-6.6.122+-x86_64-with-glibc2.39
4,False,20000,3.999993129847288,20000,2,0.1,0.9,1.9824060267341916,1.9021942536209588,0.5051815143411795,1.0,3.1925672941888186,3.336328033659577,0.32;0.34;0.10;0.21;0.28;0.30,0.3317133684796356,-8.516891486461255,-6.31;-3.51,20260919_173231,backprop_1986.ipynb,3.13.15,2.1.3,Linux-6.6.122+-x86_64-with-glibc2.39
5,True,2257,0.2821898820098702,20000,2,0.1,0.9,0.0005291888219924939,0.0004888960886386114,0.014598291069616772,1.0,1.981206218433339,3.935499296001722,-2.12;8.36;-4.21;4.21;-8.36;2.12,-1.7699078272537374,4.414013659756969,-10.43;-10.39,20260919_173231,backprop_1986.ipynb,3.13.15,2.1.3,Linux-6.6.122+-x86_64-with-glibc2.39
6,True,758,0.2858478621766039,20000,2,0.1,0.9,0.00025303127602808133,0.00026161374248784427,0.0013107493784320226,1.0,1.9821888975653115,3.9281535721931444,8.43;-4.25;-2.15;2.14;4.25;-8.43,-1.7905956804006185,4.370791157727178,-10.35;-10.35,20260919_173231,backprop_1986.ipynb,3.13.15,2.1.3,Linux-6.6.122+-x86_64-with-glibc2.39
7,False,20000,3.999990502599191,20000,2,0.1,0.9,1.8938447626904795,1.613509820478337,1.239958412287223,1.0,9.421289436982404,14.1042958028916,0.22;0.33;0.02;-0.15;0.34;0.04,0.2635910185381271,-8.245747209858289,-4.28;-4.71,20260919_173231,backprop_1986.ipynb,3.13.15,2.1.3,Linux-6.6.122+-x86_64-with-glibc2.39
8,True,721,0.2823759955166597,20000,2,0.1,0.9,0.00045353848865128867,0.00041664296129003694,0.012599110460451183,1.0,1.986602784939417,3.9403383407663823,-8.40;-2.13;4.24;-4.24;2.13;8.40,-1.7768660070548061,4.381430802053877,-10.36;-10.32,20260919_173231,backprop_1986.ipynb,3.13.15,2.1.3,Linux-6.6.122+-x86_64-with-glibc2.39
9,True,1965,0.2466896992106506,20000,2,0.1,0.9,0.00017704500709210338,0.00031478285597551984,0.039422391638389655,1.0,1.5518194823018152,2.0635734697104895,3.92;8.09;-6.08;6.08;-8.09;-3.92,-1.7716620272745958,4.8641736492587295,-11.16;-11.30,20260919_173231,backprop_1986.ipynb,3.13.15,2.1.3,Linux-6.6.122+-x86_64-with-glibc2.39
10,True,1220,0.2860884333823789,20000,2,0.1,0.9,0.00046697452769746216,0.00039809415889388025,0.013478621407555569,1.0,1.9893619321562566,3.94622702490747,2.12;8.35;4.21;-4.21;-8.36;-2.12,-1.771363351218663,4.39455654990085,-10.40;-10.36,20260919_173231,backprop_1986.ipynb,3.13.15,2.1.3,Linux-6.6.122+-x86_64-with-glibc2.39
11,True,5427,0.2821914995409969,20000,2,0.1,0.9,0.0005285090310008769,0.0004800462728686829,0.03260223902479133,1.0,1.9829771166742818,3.9409500132059216,-2.12;4.20;-8.34;8.34;-4.20;2.11,-1.762040332192707,4.374284691289558,-10.37;-10.27,20260919_173231,backprop_1986.ipynb,3.13.15,2.1.3,Linux-6.6.122+-x86_64-with-glibc2.39
12,True,1609,0.28231832739134854,20000,2,0.1,0.9,0.00044875942620883544,0.00041676818986053553,0.003758569634780818,1.0,1.9871507885790631,3.9375577206195342,-4.29;-2.16;-8.51;8.51;2.16;4.29,-1.7893097473317123,4.332821389472644,-10.23;-10.22,20260919_173231,backprop_1986.ipynb,3.13.15,2.1.3,Linux-6.6.122+-x86_64-with-glibc2.39
13,True,2688,0.2855898587389367,20000,2,0.1,0.9,0.0005134021160988236,0.0004855450532444118,0.007707005247591806,1.0,1.984530645377091,3.9443491232316505,2.13;4.22;-8.38;8.38;-4.22;-2.13,-1.7751601025026942,4.397201910232827,-10.39;-10.37,20260919_173231,backprop_1986.ipynb,3.13.15,2.1.3,Linux-6.6.122+-x86_64-with-glibc2.39
14,True,1505,0.2805096776414216,20000,2,0.1,0.9,0.0005118402895394252,0.0003653406251652303,0.03080820119805513,1.0,1.9840497074368117,3.9398808630450364,-8.38;-2.13;4.22;-4.22;2.12;8.38,-1.764463448986612,4.362320490468173,-10.32;-10.24,20260919_173231,backprop_1986.ipynb,3.13.15,2.1.3,Linux-6.6.122+-x86_64-with-glibc2.39
15,True,2304,0.28399383316442595,20000,2,0.1,0.9,0.0004840517444508976,0.00041507247805832497,0.029312171443916447,1.0,1.990819081213626,3.9473977063159715,-4.19;8.31;2.11;-2.11;-8.31;4.19,-1.7609171366529417,4.393836605981958,-10.41;-10.32,20260919_173231,backprop_1986.ipynb,3.13.15,2.1.3,Linux-6.6.122+-x86_64-with-glibc2.39
16,True,7313,0.24728805608451754,20000,2,0.1,0.9,0.0003123697881568125,0.00020018060021695193,0.027271223407860135,1.0,1.5535553552284784,2.0653144090458504,5.86;3.77;7.79;-7.79;-3.77;-5.86,-1.718570852151194,4.888770837055707,-11.33;-11.24,20260919_173231,backprop_1986.ipynb,3.13.15,2.1.3,Linux-6.6.122+-x86_64-with-glibc2.39
17,True,5316,0.28833594734943185,20000,2,0.1,0.9,0.00015525259204496637,0.00020578427529689632,0.0034106666688176086,1.0,1.9798074673517314,3.9221612270485955,8.41;-4.25;2.15;-2.15;4.25;-8.41,-1.791545331262884,4.374015111053879,-10.36;-10.37,20260919_173231,backprop_1986.ipynb,3.13.15,2.1.3,Linux-6.6.122+-x86_64-with-glibc2.39
18,True,6311,0.2855817149495067,20000,2,0.1,0.9,0.00045327700756773705,0.00047398398005611193,0.00330389925285057,1.0,1.9850708795027527,3.9403508378824044,4.22;-2.13;8.37;-8.38;2.12;-4.22,-1.7762630372140387,4.417933732082768,-10.43;-10.42,20260919_173231,backprop_1986.ipynb,3.13.15,2.1.3,Linux-6.6.122+-x86_64-with-glibc2.39
19,True,2375,0.24760204560804705,20000,2,0.1,0.9,0.0002642037497002719,0.0002382965056598376,0.007002797638599335,1.0,1.552390230445682,2.064511395671898,-7.85;5.91;-3.80;3.80;-5.91;7.85,-1.731894450928053,4.902098083187598,-11.33;-11.31,20260919_173231,backprop_1986.ipynb,3.13.15,2.1.3,Linux-6.6.122+-x86_64-with-glibc2.39
20,True,9651,0.28141991102307184,20000,2,0.1,0.9,0.000571646658779877,0.0005664335965761034,0.0020009587949221673,1.0,1.9844857514665932,3.9334335980009487,-2.14;-4.25;8.42;-8.42;4.24;2.14,-1.7779068469409538,4.419063180689193,-10.41;-10.40,20260919_173231,backprop_1986.ipynb,3.13.15,2.1.3,Linux-6.6.122+-x86_64-with-glibc2.39
21,True,1722,0.2481292560448646,20000,2,0.1,0.9,0.00027633372739378336,0.00022881744021821334,0.012580460373847843,1.0,1.553334139024989,2.0656010803962612,5.91;3.80;-7.86;7.85;-3.80;-5.91,-1.729638010304876,4.876803488223649,-11.28;-11.24,20260919_173231,backprop_1986.ipynb,3.13.15,2.1.3,Linux-6.6.122+-x86_64-with-glibc2.39
22,True,1763,0.28403938016968683,20000,2,0.1,0.9,0.0003792114249177142,0.0004573565559879085,0.013082043431939925,1.0,1.986708834792096,3.9398035901666164,-4.28;-2.15;-8.49;8.49;2.15;4.28,-1.7962171030272327,4.385776585492445,-10.34;-10.38,20260919_173231,backprop_1986.ipynb,3.13.15,2.1.3,Linux-6.6.122+-x86_64-with-glibc2.39
23,True,2568,0.2862744958443324,20000,2,0.1,0.9,0.00029455960873512834,0.00033013356709978963,0.00397902655809149,1.0,1.9813517146992043,3.92513899408163,-2.19;-8.58;-4.33;4.33;8.58;2.18,-1.8031995279493578,4.2726718526128105,-10.10;-10.10,20260919_173231,backprop_1986.ipynb,3.13.15,2.1.3,Linux-6.6.122+-x86_64-with-glibc2.39
24,True,777,0.2812468729060327,20000,2,0.1,0.9,0.0004384401712741132,0.000427226292359533,0.0026116152389874412,1.0,1.991144253624279,3.947756537780688,-4.27;2.14;-8.46;8.46;-2.15;4.26,-1.78751648258431,4.394406680601328,-10.37;-10.38,20260919_173231,backprop_1986.ipynb,3.13.15,2.1.3,Linux-6.6.122+-x86_64-with-glibc2.39
25,True,3291,0.2869988522786386,20000,2,0.1,0.9,0.0003785805669764875,0.0003027624065987457,0.0019693713559696146,1.0,1.9813194231158775,3.9263804213398785,4.33;-2.19;-8.59;8.58;2.18;-4.33,-1.7983944426872949,4.2518199684921045,-10.04;-10.04,20260919_173231,backprop_1986.ipynb,3.13.15,2.1.3,Linux-6.6.122+-x86_64-with-glibc2.39
26,True,3089,0.2855637197851945,20000,2,0.1,0.9,0.0004673490956043637,0.00042239524130333354,0.010280658464228702,1.0,1.9913455868848347,3.947916512277556,2.12;-8.38;-4.23;4.22;8.38;-2.13,-1.774894890235095,4.388447022844737,-10.38;-10.35,20260919_173231,backprop_1986.ipynb,3.13.15,2.1.3,Linux-6.6.122+-x86_64-with-glibc2.39
27,True,6168,0.2489734201896858,20000,2,0.1,0.9,0.00020476121529103733,0.00027087112184058493,0.021422714321724472,1.0,1.553100663908969,2.0647213065103434,3.91;6.07;8.07;-8.08;-6.08;-3.91,-1.762458051203828,4.798554432874348,-11.03;-11.10,20260919_173231,backprop_1986.ipynb,3.13.15,2.1.3,Linux-6.6.122+-x86_64-with-glibc2.39
28,True,1068,0.2839055956637604,20000,2,0.1,0.9,0.0004497995681601282,0.00044966490336557447,0.0015647484761104602,1.0,1.9864130478674902,3.9405401351179568,4.26;8.46;-2.15;2.14;-8.46;-4.27,-1.7864361284119084,4.3769671407741475,-10.33;-10.33,20260919_173231,backprop_1986.ipynb,3.13.15,2.1.3,Linux-6.6.122+-x86_64-with-glibc2.39
29,True,8323,0.2818535646513699,20000,2,0.1,0.9,0.00016349861199573638,0.0006921819032069403,0.059757117277854724,1.0,1.984531562839226,3.935877007511443,-8.79;4.43;2.23;-2.23;-4.43;8.79,-1.8457524439728226,4.333285264122629,-10.15;-10.31,20260919_173231,backprop_1986.ipynb,3.13.15,2.1.3,Linux-6.6.122+-x86_64-with-glibc2.39
30,True,5307,0.24951706212776048,20000,2,0.1,0.9,0.0002758937910964263,0.00022275636305169388,0.026070050873089386,1.0,1.5539535857731703,2.0659187666169165,3.80;-5.91;-7.85;7.85;5.91;-3.80,-1.7241461596617251,4.824006933477427,-11.17;-11.09,20260919_173231,backprop_1986.ipynb,3.13.15,2.1.3,Linux-6.6.122+-x86_64-with-glibc2.39
31,True,1069,0.28247902266604236,20000,2,0.1,0.9,0.0005138035077185251,0.00048007360001091115,0.0006449689873614171,1.0,1.9808854152795234,3.9370481190603552,8.43;-2.14;4.24;-4.25;2.14;-8.44,-1.7817201019072664,4.405004885877612,-10.39;-10.39,20260919_173231,backprop_1986.ipynb,3.13.15,2.1.3,Linux-6.6.122+-x86_64-with-glibc2.39
32,True,2409,0.2868415651847145,20000,2,0.1,0.9,0.0004795479502765641,0.0005074846216220921,0.016051108773663364,1.0,1.984407883284063,3.9406483829717276,-2.15;-4.27;-8.48;8.48;4.27;2.15,-1.7927933863723993,4.393929879618513,-10.35;-10.39,20260919_173231,backprop_1986.ipynb,3.13.15,2.1.3,Linux-6.6.122+-x86_64-with-glibc2.39
33,True,9481,0.2856756245336337,20000,2,0.1,0.9,0.00037708092119535596,0.00042831336175641165,0.008407595983488881,1.0,1.9857943313812425,3.936669870459149,-4.27;8.47;-2.15;2.15;-8.47;4.27,-1.7933286195298288,4.372921425682325,-10.33;-10.35,20260919_173231,backprop_1986.ipynb,3.13.15,2.1.3,Linux-6.6.122+-x86_64-with-glibc2.39
34,False,20000,3.9999896463129314,20000,2,0.1,0.9,1.5138773520502438,1.9702830081004246,0.9334674981665038,1.0,1.8204094174421688,2.561941526664145,-0.49;-0.35;-0.19;0.04;-0.19;0.05,-0.19654544116059758,-7.61805493375474,-4.24;-5.68,20260919_173231,backprop_1986.ipynb,3.13.15,2.1.3,Linux-6.6.122+-x86_64-with-glibc2.39
35,True,744,0.28474507547844763,20000,2,0.1,0.9,0.0004523467958997359,0.00040540777150182173,0.013463422824885106,1.0,1.9889116681713988,3.9454609134491614,-8.41;2.13;4.24;-4.24;-2.13;8.41,-1.7764253556871654,4.362086515116454,-10.32;-10.28,20260919_173231,backprop_1986.ipynb,3.13.15,2.1.3,Linux-6.6.122+-x86_64-with-glibc2.39
36,True,1284,0.2479402186179947,20000,2,0.1,0.9,0.00021747696219509815,0.00027583301952247116,0.016673134425817804,1.0,1.5526679668516519,2.064013033168206,-3.87;7.98;6.01;-6.01;-7.99;3.87,-1.752965890231501,4.8652134653433965,-11.21;-11.26,20260919_173231,backprop_1986.ipynb,3.13.15,2.1.3,Linux-6.6.122+-x86_64-with-glibc2.39
37,True,735,0.286934875705844,20000,2,0.1,0.9,0.0004257055029340098,0.00042706438678649883,0.0017271682685221835,1.0,1.9864083229031801,3.938454511590781,-2.14;-4.25;-8.43;8.43;4.25;2.14,-1.7859299224721008,4.373965139316944,-10.33;-10.34,20260919_173231,backprop_1986.ipynb,3.13.15,2.1.3,Linux-6.6.122+-x86_64-with-glibc2.39
38,True,1943,0.28476130577661785,20000,2,0.1,0.9,0.0005250579228057736,0.0005273839411818189,0.004026961041366606,1.0,1.984756209394954,3.944153353555158,4.26;2.14;8.46;-8.46;-2.15;-4.26,-1.7853955791120144,4.3827467900775225,-10.33;-10.35,20260919_173231,backprop_1986.ipynb,3.13.15,2.1.3,Linux-6.6.122+-x86_64-with-glibc2.39
39,True,2833,0.2841521128274871,20000,2,0.1,0.9,0.0004432885081901686,0.00047623441342075945,0.01585414854985211,1.0,1.9864420457910799,3.9458464637049793,-4.31;-8.56;-2.17;2.17;8.56;4.31,-1.8020228525796076,4.345389121345583,-10.24;-10.28,20260919_173231,backprop_1986.ipynb,3.13.15,2.1.3,Linux-6.6.122+-x86_64-with-glibc2.39
40,True,784,0.28670687788971094,20000,2,0.1,0.9,0.0004556386575361009,0.00041783372398728787,0.006282285003578687,1.0,1.9901172110229086,3.9436177333475864,2.13;8.42;-4.25;4.25;-8.42;-2.14,-1.7813238988248072,4.361118491622993,-10.31;-10.30,20260919_173231,backprop_1986.ipynb,3.13.15,2.1.3,Linux-6.6.122+-x86_64-with-glibc2.39
41,False,20000,3.9999911142157143,20000,2,0.1,0.9,1.8836552381372784,1.8837975490725716,1.4552469485008266,1.0,1.7520875954957584,2.3011468086599063,0.37;-0.16;0.28;0.09;-0.04;0.24,0.16446947198097606,-7.698351813667512,-4.48;-5.16,20260919_173231,backprop_1986.ipynb,3.13.15,2.1.3,Linux-6.6.122+-x86_64-with-glibc2.39
42,True,3512,0.24804560657913433,20000,2,0.1,0.9,0.0002254794562467783,0.00026739191324986084,0.012223346692549663,1.0,1.5537958066834259,2.0648343966811273,7.91;3.83;-5.95;5.95;-3.83;-7.91,-1.7449344737013128,4.914281412612291,-11.33;-11.38,20260919_173231,backprop_1986.ipynb,3.13.15,2.1.3,Linux-6.6.122+-x86_64-with-glibc2.39
43,True,938,0.28110154618473837,20000,2,0.1,0.9,0.00045627142381174797,0.0004139116758328711,0.007968477671655486,1.0,1.9862760839392593,3.940627221378602,4.25;-8.43;-2.14;2.14;8.43;-4.25,-1.7804337295260748,4.385398958591826,-10.36;-10.34,20260919_173231,backprop_1986.ipynb,3.13.15,2.1.3,Linux-6.6.122+-x86_64-with-glibc2.39
44,True,7226,0.25019376234552526,20000,2,0.1,0.9,0.0002490434160449507,0.0002368494880538987,0.004567873091575287,1.0,1.5536757847055724,2.065301780653591,-3.80;-7.86;-5.91;5.91;7.86;3.80,-1.7336057012459536,4.886940381313248,-11.30;-11.28,20260919_173231,backprop_1986.ipynb,3.13.15,2.1.3,Linux-6.6.122+-x86_64-with-glibc2.39
45,True,17751,0.28378948490318934,20000,2,0.1,0.9,0.0004535454789192838,0.0004982703508904827,0.011678301031111697,1.0,1.9896605026622995,3.9488277225641224,4.20;2.11;-8.34;8.34;-2.12;-4.20,-1.7699157890409913,4.429388160955465,-10.47;-10.43,20260919_173231,backprop_1986.ipynb,3.13.15,2.1.3,Linux-6.6.122+-x86_64-with-glibc2.39
46,True,733,0.2847283360614825,20000,2,0.1,0.9,0.00044755046862752276,0.0004198987439957985,0.0032682098184505207,1.0,1.986807553844537,3.9397234555731337,4.24;-2.14;8.42;-8.42;2.13;-4.25,-1.781749570458243,4.385549941606093,-10.36;-10.35,20260919_173231,backprop_1986.ipynb,3.13.15,2.1.3,Linux-6.6.122+-x86_64-with-glibc2.39
47,True,1691,0.2826681097833026,20000,2,0.1,0.9,0.0003272392341866415,0.00034777779100586624,0.0056513695576756486,1.0,2.022630449971504,3.944241507974272,4.31;2.13;8.41;-8.41;-2.13;-4.31,-1.7780440104054844,4.447876365383425,-10.44;-10.45,20260919_173231,backprop_1986.ipynb,3.13.15,2.1.3,Linux-6.6.122+-x86_64-with-glibc2.39
48,True,4610,0.2865623453711834,20000,2,0.1,0.9,0.0005115220851422303,0.00045058203031584395,0.01666455245611712,1.0,1.9843693660785278,3.942194031528167,-2.12;-8.36;-4.21;4.20;8.35;2.12,-1.770386061698626,4.382240086733392,-10.38;-10.32,20260919_173231,backprop_1986.ipynb,3.13.15,2.1.3,Linux-6.6.122+-x86_64-with-glibc2.39
49,True,708,0.24882610527342863,20000,2,0.1,0.9,0.0002718942103287395,0.00023245096654655277,0.00966967706305541,1.0,1.554255387548206,2.065498197311753,-3.80;-5.90;7.84;-7.85;5.90;3.80,-1.7292092167609567,4.893014117025257,-11.31;-11.28,20260919_173231,backprop_1986.ipynb,3.13.15,2.1.3,Linux-6.6.122+-x86_64-with-glibc2.39
