hidden,seed,converged,sweeps,E,max_sweeps,n_weights,stuck_all_off,slow_only,run_id,notebook,python,numpy,platform
2,0,True,17395,0.285071768539891,20000,17,False,False,20260919_173231,backprop_1986.ipynb,3.13.15,2.1.3,Linux-6.6.122+-x86_64-with-glibc2.39
2,1,True,808,0.2847173712581066,20000,17,False,False,20260919_173231,backprop_1986.ipynb,3.13.15,2.1.3,Linux-6.6.122+-x86_64-with-glibc2.39
2,2,True,14775,0.28528802950450394,20000,17,False,False,20260919_173231,backprop_1986.ipynb,3.13.15,2.1.3,Linux-6.6.122+-x86_64-with-glibc2.39
2,3,True,1190,0.2807627554247347,20000,17,False,False,20260919_173231,backprop_1986.ipynb,3.13.15,2.1.3,Linux-6.6.122+-x86_64-with-glibc2.39
2,4,False,20000,3.999993129847288,20000,17,True,False,20260919_173231,backprop_1986.ipynb,3.13.15,2.1.3,Linux-6.6.122+-x86_64-with-glibc2.39
2,5,True,2257,0.2821898820098702,20000,17,False,False,20260919_173231,backprop_1986.ipynb,3.13.15,2.1.3,Linux-6.6.122+-x86_64-with-glibc2.39
2,6,True,758,0.2858478621766039,20000,17,False,False,20260919_173231,backprop_1986.ipynb,3.13.15,2.1.3,Linux-6.6.122+-x86_64-with-glibc2.39
2,7,False,20000,3.999990502599191,20000,17,True,False,20260919_173231,backprop_1986.ipynb,3.13.15,2.1.3,Linux-6.6.122+-x86_64-with-glibc2.39
2,8,True,721,0.2823759955166597,20000,17,False,False,20260919_173231,backprop_1986.ipynb,3.13.15,2.1.3,Linux-6.6.122+-x86_64-with-glibc2.39
2,9,True,1965,0.2466896992106506,20000,17,False,False,20260919_173231,backprop_1986.ipynb,3.13.15,2.1.3,Linux-6.6.122+-x86_64-with-glibc2.39
2,10,True,1220,0.2860884333823789,20000,17,False,False,20260919_173231,backprop_1986.ipynb,3.13.15,2.1.3,Linux-6.6.122+-x86_64-with-glibc2.39
2,11,True,5427,0.2821914995409969,20000,17,False,False,20260919_173231,backprop_1986.ipynb,3.13.15,2.1.3,Linux-6.6.122+-x86_64-with-glibc2.39
2,12,True,1609,0.28231832739134854,20000,17,False,False,20260919_173231,backprop_1986.ipynb,3.13.15,2.1.3,Linux-6.6.122+-x86_64-with-glibc2.39
2,13,True,2688,0.2855898587389367,20000,17,False,False,20260919_173231,backprop_1986.ipynb,3.13.15,2.1.3,Linux-6.6.122+-x86_64-with-glibc2.39
2,14,True,1505,0.2805096776414216,20000,17,False,False,20260919_173231,backprop_1986.ipynb,3.13.15,2.1.3,Linux-6.6.122+-x86_64-with-glibc2.39
2,15,True,2304,0.28399383316442595,20000,17,False,False,20260919_173231,backprop_1986.ipynb,3.13.15,2.1.3,Linux-6.6.122+-x86_64-with-glibc2.39
2,16,True,7313,0.24728805608451754,20000,17,False,False,20260919_173231,backprop_1986.ipynb,3.13.15,2.1.3,Linux-6.6.122+-x86_64-with-glibc2.39
2,17,True,5316,0.28833594734943185,20000,17,False,False,20260919_173231,backprop_1986.ipynb,3.13.15,2.1.3,Linux-6.6.122+-x86_64-with-glibc2.39
2,18,True,6311,0.2855817149495067,20000,17,False,False,20260919_173231,backprop_1986.ipynb,3.13.15,2.1.3,Linux-6.6.122+-x86_64-with-glibc2.39
2,19,True,2375,0.24760204560804705,20000,17,False,False,20260919_173231,backprop_1986.ipynb,3.13.15,2.1.3,Linux-6.6.122+-x86_64-with-glibc2.39
2,20,True,9651,0.28141991102307184,20000,17,False,False,20260919_173231,backprop_1986.ipynb,3.13.15,2.1.3,Linux-6.6.122+-x86_64-with-glibc2.39
2,21,True,1722,0.2481292560448646,20000,17,False,False,20260919_173231,backprop_1986.ipynb,3.13.15,2.1.3,Linux-6.6.122+-x86_64-with-glibc2.39
2,22,True,1763,0.28403938016968683,20000,17,False,False,20260919_173231,backprop_1986.ipynb,3.13.15,2.1.3,Linux-6.6.122+-x86_64-with-glibc2.39
2,23,True,2568,0.2862744958443324,20000,17,False,False,20260919_173231,backprop_1986.ipynb,3.13.15,2.1.3,Linux-6.6.122+-x86_64-with-glibc2.39
2,24,True,777,0.2812468729060327,20000,17,False,False,20260919_173231,backprop_1986.ipynb,3.13.15,2.1.3,Linux-6.6.122+-x86_64-with-glibc2.39
2,25,True,3291,0.2869988522786386,20000,17,False,False,20260919_173231,backprop_1986.ipynb,3.13.15,2.1.3,Linux-6.6.122+-x86_64-with-glibc2.39
2,26,True,3089,0.2855637197851945,20000,17,False,False,20260919_173231,backprop_1986.ipynb,3.13.15,2.1.3,Linux-6.6.122+-x86_64-with-glibc2.39
2,27,True,6168,0.2489734201896858,20000,17,False,False,20260919_173231,backprop_1986.ipynb,3.13.15,2.1.3,Linux-6.6.122+-x86_64-with-glibc2.39
2,28,True,1068,0.2839055956637604,20000,17,False,False,20260919_173231,backprop_1986.ipynb,3.13.15,2.1.3,Linux-6.6.122+-x86_64-with-glibc2.39
2,29,True,8323,0.2818535646513699,20000,17,False,False,20260919_173231,backprop_1986.ipynb,3.13.15,2.1.3,Linux-6.6.122+-x86_64-with-glibc2.39
2,30,True,5307,0.24951706212776048,20000,17,False,False,20260919_173231,backprop_1986.ipynb,3.13.15,2.1.3,Linux-6.6.122+-x86_64-with-glibc2.39
2,31,True,1069,0.28247902266604236,20000,17,False,False,20260919_173231,backprop_1986.ipynb,3.13.15,2.1.3,Linux-6.6.122+-x86_64-with-glibc2.39
2,32,True,2409,0.2868415651847145,20000,17,False,False,20260919_173231,backprop_1986.ipynb,3.13.15,2.1.3,Linux-6.6.122+-x86_64-with-glibc2.39
2,33,True,9481,0.2856756245336337,20000,17,False,False,20260919_173231,backprop_1986.ipynb,3.13.15,2.1.3,Linux-6.6.122+-x86_64-with-glibc2.39
2,34,False,20000,3.9999896463129314,20000,17,True,False,20260919_173231,backprop_1986.ipynb,3.13.15,2.1.3,Linux-6.6.122+-x86_64-with-glibc2.39
2,35,True,744,0.28474507547844763,20000,17,False,False,20260919_173231,backprop_1986.ipynb,3.13.15,2.1.3,Linux-6.6.122+-x86_64-with-glibc2.39
2,36,True,1284,0.2479402186179947,20000,17,False,False,20260919_173231,backprop_1986.ipynb,3.13.15,2.1.3,Linux-6.6.122+-x86_64-with-glibc2.39
2,37,True,735,0.286934875705844,20000,17,False,False,20260919_173231,backprop_1986.ipynb,3.13.15,2.1.3,Linux-6.6.122+-x86_64-with-glibc2.39
2,38,True,1943,0.28476130577661785,20000,17,False,False,20260919_173231,backprop_1986.ipynb,3.13.15,2.1.3,Linux-6.6.122+-x86_64-with-glibc2.39
2,39,True,2833,0.2841521128274871,20000,17,False,False,20260919_173231,backprop_1986.ipynb,3.13.15,2.1.3,Linux-6.6.122+-x86_64-with-glibc2.39
2,40,True,784,0.28670687788971094,20000,17,False,False,20260919_173231,backprop_1986.ipynb,3.13.15,2.1.3,Linux-6.6.122+-x86_64-with-glibc2.39
2,41,False,20000,3.9999911142157143,20000,17,True,False,20260919_173231,backprop_1986.ipynb,3.13.15,2.1.3,Linux-6.6.122+-x86_64-with-glibc2.39
2,42,True,3512,0.24804560657913433,20000,17,False,False,20260919_173231,backprop_1986.ipynb,3.13.15,2.1.3,Linux-6.6.122+-x86_64-with-glibc2.39
2,43,True,938,0.28110154618473837,20000,17,False,False,20260919_173231,backprop_1986.ipynb,3.13.15,2.1.3,Linux-6.6.122+-x86_64-with-glibc2.39
2,44,True,7226,0.25019376234552526,20000,17,False,False,20260919_173231,backprop_1986.ipynb,3.13.15,2.1.3,Linux-6.6.122+-x86_64-with-glibc2.39
2,45,True,17751,0.28378948490318934,20000,17,False,False,20260919_173231,backprop_1986.ipynb,3.13.15,2.1.3,Linux-6.6.122+-x86_64-with-glibc2.39
2,46,True,733,0.2847283360614825,20000,17,False,False,20260919_173231,backprop_1986.ipynb,3.13.15,2.1.3,Linux-6.6.122+-x86_64-with-glibc2.39
2,47,True,1691,0.2826681097833026,20000,17,False,False,20260919_173231,backprop_1986.ipynb,3.13.15,2.1.3,Linux-6.6.122+-x86_64-with-glibc2.39
2,48,True,4610,0.2865623453711834,20000,17,False,False,20260919_173231,backprop_1986.ipynb,3.13.15,2.1.3,Linux-6.6.122+-x86_64-with-glibc2.39
2,49,True,708,0.24882610527342863,20000,17,False,False,20260919_173231,backprop_1986.ipynb,3.13.15,2.1.3,Linux-6.6.122+-x86_64-with-glibc2.39
3,0,True,4793,0.2421139012128382,20000,25,False,False,20260919_173231,backprop_1986.ipynb,3.13.15,2.1.3,Linux-6.6.122+-x86_64-with-glibc2.39
3,1,False,20000,3.999996658198996,20000,25,True,False,20260919_173231,backprop_1986.ipynb,3.13.15,2.1.3,Linux-6.6.122+-x86_64-with-glibc2.39
3,2,True,1119,0.24271154367932476,20000,25,False,False,20260919_173231,backprop_1986.ipynb,3.13.15,2.1.3,Linux-6.6.122+-x86_64-with-glibc2.39
3,3,False,20000,3.999981636529382,20000,25,True,False,20260919_173231,backprop_1986.ipynb,3.13.15,2.1.3,Linux-6.6.122+-x86_64-with-glibc2.39
3,4,True,9611,0.2530911868822213,20000,25,False,False,20260919_173231,backprop_1986.ipynb,3.13.15,2.1.3,Linux-6.6.122+-x86_64-with-glibc2.39
3,5,True,11299,0.24637681895665708,20000,25,False,False,20260919_173231,backprop_1986.ipynb,3.13.15,2.1.3,Linux-6.6.122+-x86_64-with-glibc2.39
3,6,True,11588,0.24583829478944805,20000,25,False,False,20260919_173231,backprop_1986.ipynb,3.13.15,2.1.3,Linux-6.6.122+-x86_64-with-glibc2.39
3,7,True,1066,0.23933803534341214,20000,25,False,False,20260919_173231,backprop_1986.ipynb,3.13.15,2.1.3,Linux-6.6.122+-x86_64-with-glibc2.39
3,8,True,862,0.24234634471220792,20000,25,False,False,20260919_173231,backprop_1986.ipynb,3.13.15,2.1.3,Linux-6.6.122+-x86_64-with-glibc2.39
3,9,False,20000,3.9999980720810866,20000,25,True,False,20260919_173231,backprop_1986.ipynb,3.13.15,2.1.3,Linux-6.6.122+-x86_64-with-glibc2.39
3,10,True,8170,0.25224075394071505,20000,25,False,False,20260919_173231,backprop_1986.ipynb,3.13.15,2.1.3,Linux-6.6.122+-x86_64-with-glibc2.39
3,11,True,2749,0.24309642974922427,20000,25,False,False,20260919_173231,backprop_1986.ipynb,3.13.15,2.1.3,Linux-6.6.122+-x86_64-with-glibc2.39
3,12,True,577,0.2465470608603914,20000,25,False,False,20260919_173231,backprop_1986.ipynb,3.13.15,2.1.3,Linux-6.6.122+-x86_64-with-glibc2.39
3,13,False,20000,3.999984332723247,20000,25,True,False,20260919_173231,backprop_1986.ipynb,3.13.15,2.1.3,Linux-6.6.122+-x86_64-with-glibc2.39
3,14,False,20000,3.9999286867432424,20000,25,True,False,20260919_173231,backprop_1986.ipynb,3.13.15,2.1.3,Linux-6.6.122+-x86_64-with-glibc2.39
3,15,False,20000,3.999988242952994,20000,25,True,False,20260919_173231,backprop_1986.ipynb,3.13.15,2.1.3,Linux-6.6.122+-x86_64-with-glibc2.39
3,16,True,1177,0.2458175581580056,20000,25,False,False,20260919_173231,backprop_1986.ipynb,3.13.15,2.1.3,Linux-6.6.122+-x86_64-with-glibc2.39
3,17,True,18769,0.2571564618617179,20000,25,False,False,20260919_173231,backprop_1986.ipynb,3.13.15,2.1.3,Linux-6.6.122+-x86_64-with-glibc2.39
3,18,False,20000,3.9999959742864295,20000,25,True,False,20260919_173231,backprop_1986.ipynb,3.13.15,2.1.3,Linux-6.6.122+-x86_64-with-glibc2.39
3,19,False,20000,3.9999730996531415,20000,25,True,False,20260919_173231,backprop_1986.ipynb,3.13.15,2.1.3,Linux-6.6.122+-x86_64-with-glibc2.39
3,20,True,7060,0.25759574276944436,20000,25,False,False,20260919_173231,backprop_1986.ipynb,3.13.15,2.1.3,Linux-6.6.122+-x86_64-with-glibc2.39
3,21,True,2294,0.23636441647188108,20000,25,False,False,20260919_173231,backprop_1986.ipynb,3.13.15,2.1.3,Linux-6.6.122+-x86_64-with-glibc2.39
3,22,True,8699,0.2546083774085303,20000,25,False,False,20260919_173231,backprop_1986.ipynb,3.13.15,2.1.3,Linux-6.6.122+-x86_64-with-glibc2.39
3,23,False,20000,3.999993500394444,20000,25,True,False,20260919_173231,backprop_1986.ipynb,3.13.15,2.1.3,Linux-6.6.122+-x86_64-with-glibc2.39
3,24,True,569,0.24566136873929717,20000,25,False,False,20260919_173231,backprop_1986.ipynb,3.13.15,2.1.3,Linux-6.6.122+-x86_64-with-glibc2.39
3,25,True,2693,0.24482071903737312,20000,25,False,False,20260919_173231,backprop_1986.ipynb,3.13.15,2.1.3,Linux-6.6.122+-x86_64-with-glibc2.39
3,26,False,20000,3.9999980286223673,20000,25,True,False,20260919_173231,backprop_1986.ipynb,3.13.15,2.1.3,Linux-6.6.122+-x86_64-with-glibc2.39
3,27,True,12038,0.25718468252975457,20000,25,False,False,20260919_173231,backprop_1986.ipynb,3.13.15,2.1.3,Linux-6.6.122+-x86_64-with-glibc2.39
3,28,True,449,0.2567694337669089,20000,25,False,False,20260919_173231,backprop_1986.ipynb,3.13.15,2.1.3,Linux-6.6.122+-x86_64-with-glibc2.39
3,29,True,18089,0.2279116162203781,20000,25,False,False,20260919_173231,backprop_1986.ipynb,3.13.15,2.1.3,Linux-6.6.122+-x86_64-with-glibc2.39
3,30,True,4635,0.24407703427685287,20000,25,False,False,20260919_173231,backprop_1986.ipynb,3.13.15,2.1.3,Linux-6.6.122+-x86_64-with-glibc2.39
3,31,True,14395,0.2390992007837413,20000,25,False,False,20260919_173231,backprop_1986.ipynb,3.13.15,2.1.3,Linux-6.6.122+-x86_64-with-glibc2.39
3,32,True,18700,0.23388649072929127,20000,25,False,False,20260919_173231,backprop_1986.ipynb,3.13.15,2.1.3,Linux-6.6.122+-x86_64-with-glibc2.39
3,33,False,20000,3.999977657081448,20000,25,True,False,20260919_173231,backprop_1986.ipynb,3.13.15,2.1.3,Linux-6.6.122+-x86_64-with-glibc2.39
3,34,True,3437,0.2519434246075186,20000,25,False,False,20260919_173231,backprop_1986.ipynb,3.13.15,2.1.3,Linux-6.6.122+-x86_64-with-glibc2.39
3,35,False,20000,3.9999323444154564,20000,25,True,False,20260919_173231,backprop_1986.ipynb,3.13.15,2.1.3,Linux-6.6.122+-x86_64-with-glibc2.39
3,36,True,6050,0.23966660230004655,20000,25,False,False,20260919_173231,backprop_1986.ipynb,3.13.15,2.1.3,Linux-6.6.122+-x86_64-with-glibc2.39
3,37,True,13868,0.2410303528541379,20000,25,False,False,20260919_173231,backprop_1986.ipynb,3.13.15,2.1.3,Linux-6.6.122+-x86_64-with-glibc2.39
3,38,True,1152,0.2350738654110939,20000,25,False,False,20260919_173231,backprop_1986.ipynb,3.13.15,2.1.3,Linux-6.6.122+-x86_64-with-glibc2.39
3,39,True,19496,0.2641417506375894,20000,25,False,False,20260919_173231,backprop_1986.ipynb,3.13.15,2.1.3,Linux-6.6.122+-x86_64-with-glibc2.39
3,40,True,1897,0.24928242477061138,20000,25,False,False,20260919_173231,backprop_1986.ipynb,3.13.15,2.1.3,Linux-6.6.122+-x86_64-with-glibc2.39
3,41,False,20000,3.9999964919564004,20000,25,True,False,20260919_173231,backprop_1986.ipynb,3.13.15,2.1.3,Linux-6.6.122+-x86_64-with-glibc2.39
3,42,True,17648,0.2709885076786382,20000,25,False,False,20260919_173231,backprop_1986.ipynb,3.13.15,2.1.3,Linux-6.6.122+-x86_64-with-glibc2.39
3,43,False,20000,3.9999965375127324,20000,25,True,False,20260919_173231,backprop_1986.ipynb,3.13.15,2.1.3,Linux-6.6.122+-x86_64-with-glibc2.39
3,44,True,712,0.2699986746926021,20000,25,False,False,20260919_173231,backprop_1986.ipynb,3.13.15,2.1.3,Linux-6.6.122+-x86_64-with-glibc2.39
3,45,True,8304,0.2556750350666792,20000,25,False,False,20260919_173231,backprop_1986.ipynb,3.13.15,2.1.3,Linux-6.6.122+-x86_64-with-glibc2.39
3,46,True,7078,0.22330136804683584,20000,25,False,False,20260919_173231,backprop_1986.ipynb,3.13.15,2.1.3,Linux-6.6.122+-x86_64-with-glibc2.39
3,47,False,20000,3.9999457114726367,20000,25,True,False,20260919_173231,backprop_1986.ipynb,3.13.15,2.1.3,Linux-6.6.122+-x86_64-with-glibc2.39
3,48,True,2185,0.2563600531898387,20000,25,False,False,20260919_173231,backprop_1986.ipynb,3.13.15,2.1.3,Linux-6.6.122+-x86_64-with-glibc2.39
3,49,False,20000,3.9999667954968556,20000,25,True,False,20260919_173231,backprop_1986.ipynb,3.13.15,2.1.3,Linux-6.6.122+-x86_64-with-glibc2.39
4,0,True,3848,0.23861236686894755,20000,33,False,False,20260919_173231,backprop_1986.ipynb,3.13.15,2.1.3,Linux-6.6.122+-x86_64-with-glibc2.39
4,1,True,19423,0.2644773738283476,20000,33,False,False,20260919_173231,backprop_1986.ipynb,3.13.15,2.1.3,Linux-6.6.122+-x86_64-with-glibc2.39
4,2,True,18265,0.21952150229208348,20000,33,False,False,20260919_173231,backprop_1986.ipynb,3.13.15,2.1.3,Linux-6.6.122+-x86_64-with-glibc2.39
4,3,True,15363,0.22007088622975873,20000,33,False,False,20260919_173231,backprop_1986.ipynb,3.13.15,2.1.3,Linux-6.6.122+-x86_64-with-glibc2.39
4,4,False,20000,3.999999504576425,20000,33,True,False,20260919_173231,backprop_1986.ipynb,3.13.15,2.1.3,Linux-6.6.122+-x86_64-with-glibc2.39
4,5,True,15497,0.23574085850861792,20000,33,False,False,20260919_173231,backprop_1986.ipynb,3.13.15,2.1.3,Linux-6.6.122+-x86_64-with-glibc2.39
4,6,True,6485,0.2433835059600239,20000,33,False,False,20260919_173231,backprop_1986.ipynb,3.13.15,2.1.3,Linux-6.6.122+-x86_64-with-glibc2.39
4,7,True,909,0.2395521174111115,20000,33,False,False,20260919_173231,backprop_1986.ipynb,3.13.15,2.1.3,Linux-6.6.122+-x86_64-with-glibc2.39
4,8,True,377,0.25276432933425724,20000,33,False,False,20260919_173231,backprop_1986.ipynb,3.13.15,2.1.3,Linux-6.6.122+-x86_64-with-glibc2.39
4,9,True,18406,0.24114108222339295,20000,33,False,False,20260919_173231,backprop_1986.ipynb,3.13.15,2.1.3,Linux-6.6.122+-x86_64-with-glibc2.39
4,10,False,20000,3.999997758324731,20000,33,True,False,20260919_173231,backprop_1986.ipynb,3.13.15,2.1.3,Linux-6.6.122+-x86_64-with-glibc2.39
4,11,True,1078,0.23498887476956176,20000,33,False,False,20260919_173231,backprop_1986.ipynb,3.13.15,2.1.3,Linux-6.6.122+-x86_64-with-glibc2.39
4,12,False,20000,3.99999434689907,20000,33,True,False,20260919_173231,backprop_1986.ipynb,3.13.15,2.1.3,Linux-6.6.122+-x86_64-with-glibc2.39
4,13,False,20000,3.99999545092024,20000,33,True,False,20260919_173231,backprop_1986.ipynb,3.13.15,2.1.3,Linux-6.6.122+-x86_64-with-glibc2.39
4,14,False,20000,3.999999010229729,20000,33,True,False,20260919_173231,backprop_1986.ipynb,3.13.15,2.1.3,Linux-6.6.122+-x86_64-with-glibc2.39
4,15,True,3140,0.2342442138237994,20000,33,False,False,20260919_173231,backprop_1986.ipynb,3.13.15,2.1.3,Linux-6.6.122+-x86_64-with-glibc2.39
4,16,False,20000,3.999917018332941,20000,33,True,False,20260919_173231,backprop_1986.ipynb,3.13.15,2.1.3,Linux-6.6.122+-x86_64-with-glibc2.39
4,17,True,14446,0.21331766099747101,20000,33,False,False,20260919_173231,backprop_1986.ipynb,3.13.15,2.1.3,Linux-6.6.122+-x86_64-with-glibc2.39
4,18,True,8683,0.2407130055466497,20000,33,False,False,20260919_173231,backprop_1986.ipynb,3.13.15,2.1.3,Linux-6.6.122+-x86_64-with-glibc2.39
4,19,True,3916,0.2458178958193078,20000,33,False,False,20260919_173231,backprop_1986.ipynb,3.13.15,2.1.3,Linux-6.6.122+-x86_64-with-glibc2.39
4,20,True,1740,0.2627456445448012,20000,33,False,False,20260919_173231,backprop_1986.ipynb,3.13.15,2.1.3,Linux-6.6.122+-x86_64-with-glibc2.39
4,21,False,20000,3.9999924462486502,20000,33,True,False,20260919_173231,backprop_1986.ipynb,3.13.15,2.1.3,Linux-6.6.122+-x86_64-with-glibc2.39
4,22,True,1736,0.24798251715078085,20000,33,False,False,20260919_173231,backprop_1986.ipynb,3.13.15,2.1.3,Linux-6.6.122+-x86_64-with-glibc2.39
4,23,False,20000,3.9999893479950237,20000,33,True,False,20260919_173231,backprop_1986.ipynb,3.13.15,2.1.3,Linux-6.6.122+-x86_64-with-glibc2.39
4,24,True,3089,0.23031040378660608,20000,33,False,False,20260919_173231,backprop_1986.ipynb,3.13.15,2.1.3,Linux-6.6.122+-x86_64-with-glibc2.39
4,25,True,14329,0.24654394586814796,20000,33,False,False,20260919_173231,backprop_1986.ipynb,3.13.15,2.1.3,Linux-6.6.122+-x86_64-with-glibc2.39
4,26,True,1477,0.22757894379375743,20000,33,False,False,20260919_173231,backprop_1986.ipynb,3.13.15,2.1.3,Linux-6.6.122+-x86_64-with-glibc2.39
4,27,False,20000,3.9999985355046612,20000,33,True,False,20260919_173231,backprop_1986.ipynb,3.13.15,2.1.3,Linux-6.6.122+-x86_64-with-glibc2.39
4,28,True,1060,0.22744669742732052,20000,33,False,False,20260919_173231,backprop_1986.ipynb,3.13.15,2.1.3,Linux-6.6.122+-x86_64-with-glibc2.39
4,29,True,14135,0.2568578215992684,20000,33,False,False,20260919_173231,backprop_1986.ipynb,3.13.15,2.1.3,Linux-6.6.122+-x86_64-with-glibc2.39
4,30,True,12434,0.23842188886438948,20000,33,False,False,20260919_173231,backprop_1986.ipynb,3.13.15,2.1.3,Linux-6.6.122+-x86_64-with-glibc2.39
4,31,True,8479,0.2589822328701134,20000,33,False,False,20260919_173231,backprop_1986.ipynb,3.13.15,2.1.3,Linux-6.6.122+-x86_64-with-glibc2.39
4,32,True,1239,0.24198545947664377,20000,33,False,False,20260919_173231,backprop_1986.ipynb,3.13.15,2.1.3,Linux-6.6.122+-x86_64-with-glibc2.39
4,33,True,2021,0.22914976185362337,20000,33,False,False,20260919_173231,backprop_1986.ipynb,3.13.15,2.1.3,Linux-6.6.122+-x86_64-with-glibc2.39
4,34,False,20000,3.999954135400885,20000,33,True,False,20260919_173231,backprop_1986.ipynb,3.13.15,2.1.3,Linux-6.6.122+-x86_64-with-glibc2.39
4,35,True,19293,0.23852528756200478,20000,33,False,False,20260919_173231,backprop_1986.ipynb,3.13.15,2.1.3,Linux-6.6.122+-x86_64-with-glibc2.39
4,36,True,1598,0.23240471514402386,20000,33,False,False,20260919_173231,backprop_1986.ipynb,3.13.15,2.1.3,Linux-6.6.122+-x86_64-with-glibc2.39
4,37,True,1499,0.22829810255280408,20000,33,False,False,20260919_173231,backprop_1986.ipynb,3.13.15,2.1.3,Linux-6.6.122+-x86_64-with-glibc2.39
4,38,True,1260,0.23089486099523238,20000,33,False,False,20260919_173231,backprop_1986.ipynb,3.13.15,2.1.3,Linux-6.6.122+-x86_64-with-glibc2.39
4,39,True,3056,0.24609688268644975,20000,33,False,False,20260919_173231,backprop_1986.ipynb,3.13.15,2.1.3,Linux-6.6.122+-x86_64-with-glibc2.39
4,40,True,1364,0.2431710865650122,20000,33,False,False,20260919_173231,backprop_1986.ipynb,3.13.15,2.1.3,Linux-6.6.122+-x86_64-with-glibc2.39
4,41,False,20000,3.999987160003998,20000,33,True,False,20260919_173231,backprop_1986.ipynb,3.13.15,2.1.3,Linux-6.6.122+-x86_64-with-glibc2.39
4,42,True,2641,0.23705274485070893,20000,33,False,False,20260919_173231,backprop_1986.ipynb,3.13.15,2.1.3,Linux-6.6.122+-x86_64-with-glibc2.39
4,43,True,1064,0.21457813833982697,20000,33,False,False,20260919_173231,backprop_1986.ipynb,3.13.15,2.1.3,Linux-6.6.122+-x86_64-with-glibc2.39
4,44,False,20000,3.999995288070801,20000,33,True,False,20260919_173231,backprop_1986.ipynb,3.13.15,2.1.3,Linux-6.6.122+-x86_64-with-glibc2.39
4,45,False,20000,3.9999763398047348,20000,33,True,False,20260919_173231,backprop_1986.ipynb,3.13.15,2.1.3,Linux-6.6.122+-x86_64-with-glibc2.39
4,46,True,14575,0.24511793376657662,20000,33,False,False,20260919_173231,backprop_1986.ipynb,3.13.15,2.1.3,Linux-6.6.122+-x86_64-with-glibc2.39
4,47,True,7214,0.24262265563526925,20000,33,False,False,20260919_173231,backprop_1986.ipynb,3.13.15,2.1.3,Linux-6.6.122+-x86_64-with-glibc2.39
4,48,True,7486,0.2574943726867261,20000,33,False,False,20260919_173231,backprop_1986.ipynb,3.13.15,2.1.3,Linux-6.6.122+-x86_64-with-glibc2.39
4,49,True,1915,0.14927371429068437,20000,33,False,False,20260919_173231,backprop_1986.ipynb,3.13.15,2.1.3,Linux-6.6.122+-x86_64-with-glibc2.39
6,0,True,12642,0.2334428922141784,20000,49,False,False,20260919_173231,backprop_1986.ipynb,3.13.15,2.1.3,Linux-6.6.122+-x86_64-with-glibc2.39
6,1,True,4547,0.24185001874096856,20000,49,False,False,20260919_173231,backprop_1986.ipynb,3.13.15,2.1.3,Linux-6.6.122+-x86_64-with-glibc2.39
6,2,True,11057,0.20499929408432543,20000,49,False,False,20260919_173231,backprop_1986.ipynb,3.13.15,2.1.3,Linux-6.6.122+-x86_64-with-glibc2.39
6,3,False,20000,3.9999997952621933,20000,49,True,False,20260919_173231,backprop_1986.ipynb,3.13.15,2.1.3,Linux-6.6.122+-x86_64-with-glibc2.39
6,4,False,20000,3.999999910713083,20000,49,True,False,20260919_173231,backprop_1986.ipynb,3.13.15,2.1.3,Linux-6.6.122+-x86_64-with-glibc2.39
6,5,True,3266,0.22650604386581422,20000,49,False,False,20260919_173231,backprop_1986.ipynb,3.13.15,2.1.3,Linux-6.6.122+-x86_64-with-glibc2.39
6,6,False,20000,3.999999690224384,20000,49,True,False,20260919_173231,backprop_1986.ipynb,3.13.15,2.1.3,Linux-6.6.122+-x86_64-with-glibc2.39
6,7,False,20000,3.999940626792166,20000,49,True,False,20260919_173231,backprop_1986.ipynb,3.13.15,2.1.3,Linux-6.6.122+-x86_64-with-glibc2.39
6,8,False,20000,3.9999859790355146,20000,49,True,False,20260919_173231,backprop_1986.ipynb,3.13.15,2.1.3,Linux-6.6.122+-x86_64-with-glibc2.39
6,9,False,20000,3.9999972173890397,20000,49,True,False,20260919_173231,backprop_1986.ipynb,3.13.15,2.1.3,Linux-6.6.122+-x86_64-with-glibc2.39
6,10,False,20000,3.9999989921505272,20000,49,True,False,20260919_173231,backprop_1986.ipynb,3.13.15,2.1.3,Linux-6.6.122+-x86_64-with-glibc2.39
6,11,True,1296,0.2217977477255219,20000,49,False,False,20260919_173231,backprop_1986.ipynb,3.13.15,2.1.3,Linux-6.6.122+-x86_64-with-glibc2.39
6,12,False,20000,3.999996432376648,20000,49,True,False,20260919_173231,backprop_1986.ipynb,3.13.15,2.1.3,Linux-6.6.122+-x86_64-with-glibc2.39
6,13,False,20000,3.9999994979996796,20000,49,True,False,20260919_173231,backprop_1986.ipynb,3.13.15,2.1.3,Linux-6.6.122+-x86_64-with-glibc2.39
6,14,False,20000,3.9999996740141217,20000,49,True,False,20260919_173231,backprop_1986.ipynb,3.13.15,2.1.3,Linux-6.6.122+-x86_64-with-glibc2.39
6,15,True,1913,0.2441648397254909,20000,49,False,False,20260919_173231,backprop_1986.ipynb,3.13.15,2.1.3,Linux-6.6.122+-x86_64-with-glibc2.39
6,16,True,18575,0.2359998495065735,20000,49,False,False,20260919_173231,backprop_1986.ipynb,3.13.15,2.1.3,Linux-6.6.122+-x86_64-with-glibc2.39
6,17,False,20000,3.9999961677299876,20000,49,True,False,20260919_173231,backprop_1986.ipynb,3.13.15,2.1.3,Linux-6.6.122+-x86_64-with-glibc2.39
6,18,True,486,0.22658995839636228,20000,49,False,False,20260919_173231,backprop_1986.ipynb,3.13.15,2.1.3,Linux-6.6.122+-x86_64-with-glibc2.39
6,19,True,9158,0.21330072010914053,20000,49,False,False,20260919_173231,backprop_1986.ipynb,3.13.15,2.1.3,Linux-6.6.122+-x86_64-with-glibc2.39
6,20,False,20000,3.9999997157529448,20000,49,True,False,20260919_173231,backprop_1986.ipynb,3.13.15,2.1.3,Linux-6.6.122+-x86_64-with-glibc2.39
6,21,True,7011,0.23705555647305004,20000,49,False,False,20260919_173231,backprop_1986.ipynb,3.13.15,2.1.3,Linux-6.6.122+-x86_64-with-glibc2.39
6,22,True,1281,0.22852713185518536,20000,49,False,False,20260919_173231,backprop_1986.ipynb,3.13.15,2.1.3,Linux-6.6.122+-x86_64-with-glibc2.39
6,23,True,3713,0.2443668477823699,20000,49,False,False,20260919_173231,backprop_1986.ipynb,3.13.15,2.1.3,Linux-6.6.122+-x86_64-with-glibc2.39
6,24,True,1074,0.2317695699374719,20000,49,False,False,20260919_173231,backprop_1986.ipynb,3.13.15,2.1.3,Linux-6.6.122+-x86_64-with-glibc2.39
6,25,True,19796,0.2293114150040752,20000,49,False,False,20260919_173231,backprop_1986.ipynb,3.13.15,2.1.3,Linux-6.6.122+-x86_64-with-glibc2.39
6,26,True,2375,0.24881145918241937,20000,49,False,False,20260919_173231,backprop_1986.ipynb,3.13.15,2.1.3,Linux-6.6.122+-x86_64-with-glibc2.39
6,27,False,20000,3.9999965054094897,20000,49,True,False,20260919_173231,backprop_1986.ipynb,3.13.15,2.1.3,Linux-6.6.122+-x86_64-with-glibc2.39
6,28,False,20000,3.9999868872530593,20000,49,True,False,20260919_173231,backprop_1986.ipynb,3.13.15,2.1.3,Linux-6.6.122+-x86_64-with-glibc2.39
6,29,True,1653,0.23586670409394495,20000,49,False,False,20260919_173231,backprop_1986.ipynb,3.13.15,2.1.3,Linux-6.6.122+-x86_64-with-glibc2.39
6,30,False,20000,3.999999852595142,20000,49,True,False,20260919_173231,backprop_1986.ipynb,3.13.15,2.1.3,Linux-6.6.122+-x86_64-with-glibc2.39
6,31,True,16719,0.22326335567083805,20000,49,False,False,20260919_173231,backprop_1986.ipynb,3.13.15,2.1.3,Linux-6.6.122+-x86_64-with-glibc2.39
6,32,False,20000,3.9999985161361993,20000,49,True,False,20260919_173231,backprop_1986.ipynb,3.13.15,2.1.3,Linux-6.6.122+-x86_64-with-glibc2.39
6,33,True,9118,0.2054564252176032,20000,49,False,False,20260919_173231,backprop_1986.ipynb,3.13.15,2.1.3,Linux-6.6.122+-x86_64-with-glibc2.39
6,34,False,20000,3.999999637656555,20000,49,True,False,20260919_173231,backprop_1986.ipynb,3.13.15,2.1.3,Linux-6.6.122+-x86_64-with-glibc2.39
6,35,False,20000,3.999999209090543,20000,49,True,False,20260919_173231,backprop_1986.ipynb,3.13.15,2.1.3,Linux-6.6.122+-x86_64-with-glibc2.39
6,36,False,20000,3.999999204772225,20000,49,True,False,20260919_173231,backprop_1986.ipynb,3.13.15,2.1.3,Linux-6.6.122+-x86_64-with-glibc2.39
6,37,False,20000,3.9999965736161656,20000,49,True,False,20260919_173231,backprop_1986.ipynb,3.13.15,2.1.3,Linux-6.6.122+-x86_64-with-glibc2.39
6,38,True,6674,0.22419281886412545,20000,49,False,False,20260919_173231,backprop_1986.ipynb,3.13.15,2.1.3,Linux-6.6.122+-x86_64-with-glibc2.39
6,39,False,20000,3.9999997895181902,20000,49,True,False,20260919_173231,backprop_1986.ipynb,3.13.15,2.1.3,Linux-6.6.122+-x86_64-with-glibc2.39
6,40,True,17729,0.21318340447844064,20000,49,False,False,20260919_173231,backprop_1986.ipynb,3.13.15,2.1.3,Linux-6.6.122+-x86_64-with-glibc2.39
6,41,False,20000,3.999999938173845,20000,49,True,False,20260919_173231,backprop_1986.ipynb,3.13.15,2.1.3,Linux-6.6.122+-x86_64-with-glibc2.39
6,42,False,20000,3.9999993008896233,20000,49,True,False,20260919_173231,backprop_1986.ipynb,3.13.15,2.1.3,Linux-6.6.122+-x86_64-with-glibc2.39
6,43,True,1387,0.2324301067467462,20000,49,False,False,20260919_173231,backprop_1986.ipynb,3.13.15,2.1.3,Linux-6.6.122+-x86_64-with-glibc2.39
6,44,False,20000,3.999999829599429,20000,49,True,False,20260919_173231,backprop_1986.ipynb,3.13.15,2.1.3,Linux-6.6.122+-x86_64-with-glibc2.39
6,45,False,20000,3.9999983608381893,20000,49,True,False,20260919_173231,backprop_1986.ipynb,3.13.15,2.1.3,Linux-6.6.122+-x86_64-with-glibc2.39
6,46,True,3232,0.22851338882934197,20000,49,False,False,20260919_173231,backprop_1986.ipynb,3.13.15,2.1.3,Linux-6.6.122+-x86_64-with-glibc2.39
6,47,False,20000,3.9999980627773093,20000,49,True,False,20260919_173231,backprop_1986.ipynb,3.13.15,2.1.3,Linux-6.6.122+-x86_64-with-glibc2.39
6,48,False,20000,3.999996052569297,20000,49,True,False,20260919_173231,backprop_1986.ipynb,3.13.15,2.1.3,Linux-6.6.122+-x86_64-with-glibc2.39
6,49,False,20000,3.999996514685991,20000,49,True,False,20260919_173231,backprop_1986.ipynb,3.13.15,2.1.3,Linux-6.6.122+-x86_64-with-glibc2.39
