alpha,seed,converged,sweeps,hit_cap,E,max_sweeps,run_id,notebook,python,numpy,platform
0.0,0,False,20000,True,3.0004740693839373,20000,20260919_173231,backprop_1986.ipynb,3.13.15,2.1.3,Linux-6.6.122+-x86_64-with-glibc2.39
0.0,1,False,20000,True,2.541860165948945,20000,20260919_173231,backprop_1986.ipynb,3.13.15,2.1.3,Linux-6.6.122+-x86_64-with-glibc2.39
0.0,2,True,6120,False,0.293884096534532,20000,20260919_173231,backprop_1986.ipynb,3.13.15,2.1.3,Linux-6.6.122+-x86_64-with-glibc2.39
0.0,3,False,20000,True,2.7137158165887505,20000,20260919_173231,backprop_1986.ipynb,3.13.15,2.1.3,Linux-6.6.122+-x86_64-with-glibc2.39
0.0,4,False,20000,True,2.8647325443159,20000,20260919_173231,backprop_1986.ipynb,3.13.15,2.1.3,Linux-6.6.122+-x86_64-with-glibc2.39
0.0,5,False,20000,True,3.0004871164248774,20000,20260919_173231,backprop_1986.ipynb,3.13.15,2.1.3,Linux-6.6.122+-x86_64-with-glibc2.39
0.0,6,False,20000,True,3.0004625146184276,20000,20260919_173231,backprop_1986.ipynb,3.13.15,2.1.3,Linux-6.6.122+-x86_64-with-glibc2.39
0.0,7,False,20000,True,2.5244824753621615,20000,20260919_173231,backprop_1986.ipynb,3.13.15,2.1.3,Linux-6.6.122+-x86_64-with-glibc2.39
0.0,8,False,20000,True,2.6389899709111218,20000,20260919_173231,backprop_1986.ipynb,3.13.15,2.1.3,Linux-6.6.122+-x86_64-with-glibc2.39
0.0,9,False,20000,True,2.8643214809117525,20000,20260919_173231,backprop_1986.ipynb,3.13.15,2.1.3,Linux-6.6.122+-x86_64-with-glibc2.39
0.0,10,False,20000,True,2.6248290096507905,20000,20260919_173231,backprop_1986.ipynb,3.13.15,2.1.3,Linux-6.6.122+-x86_64-with-glibc2.39
0.0,11,False,20000,True,2.8651972300228206,20000,20260919_173231,backprop_1986.ipynb,3.13.15,2.1.3,Linux-6.6.122+-x86_64-with-glibc2.39
0.0,12,False,20000,True,2.728549772284932,20000,20260919_173231,backprop_1986.ipynb,3.13.15,2.1.3,Linux-6.6.122+-x86_64-with-glibc2.39
0.0,13,False,20000,True,3.00046678866207,20000,20260919_173231,backprop_1986.ipynb,3.13.15,2.1.3,Linux-6.6.122+-x86_64-with-glibc2.39
0.0,14,False,20000,True,2.865591580672125,20000,20260919_173231,backprop_1986.ipynb,3.13.15,2.1.3,Linux-6.6.122+-x86_64-with-glibc2.39
0.0,15,False,20000,True,2.79810534430249,20000,20260919_173231,backprop_1986.ipynb,3.13.15,2.1.3,Linux-6.6.122+-x86_64-with-glibc2.39
0.0,16,False,20000,True,2.701202131204875,20000,20260919_173231,backprop_1986.ipynb,3.13.15,2.1.3,Linux-6.6.122+-x86_64-with-glibc2.39
0.0,17,False,20000,True,2.8646833243288556,20000,20260919_173231,backprop_1986.ipynb,3.13.15,2.1.3,Linux-6.6.122+-x86_64-with-glibc2.39
0.0,18,False,20000,True,3.00048144185361,20000,20260919_173231,backprop_1986.ipynb,3.13.15,2.1.3,Linux-6.6.122+-x86_64-with-glibc2.39
0.0,19,False,20000,True,2.8647564527946265,20000,20260919_173231,backprop_1986.ipynb,3.13.15,2.1.3,Linux-6.6.122+-x86_64-with-glibc2.39
0.0,20,False,20000,True,2.5348510733779555,20000,20260919_173231,backprop_1986.ipynb,3.13.15,2.1.3,Linux-6.6.122+-x86_64-with-glibc2.39
0.0,21,False,20000,True,2.8649246016250176,20000,20260919_173231,backprop_1986.ipynb,3.13.15,2.1.3,Linux-6.6.122+-x86_64-with-glibc2.39
0.0,22,False,20000,True,2.96006167595846,20000,20260919_173231,backprop_1986.ipynb,3.13.15,2.1.3,Linux-6.6.122+-x86_64-with-glibc2.39
0.0,23,False,20000,True,2.7412534035819327,20000,20260919_173231,backprop_1986.ipynb,3.13.15,2.1.3,Linux-6.6.122+-x86_64-with-glibc2.39
0.0,24,False,20000,True,3.0004850106504577,20000,20260919_173231,backprop_1986.ipynb,3.13.15,2.1.3,Linux-6.6.122+-x86_64-with-glibc2.39
0.0,25,True,8909,False,0.2937041303801243,20000,20260919_173231,backprop_1986.ipynb,3.13.15,2.1.3,Linux-6.6.122+-x86_64-with-glibc2.39
0.0,26,True,5465,False,0.2935884543466128,20000,20260919_173231,backprop_1986.ipynb,3.13.15,2.1.3,Linux-6.6.122+-x86_64-with-glibc2.39
0.0,27,True,7840,False,0.29397028077132237,20000,20260919_173231,backprop_1986.ipynb,3.13.15,2.1.3,Linux-6.6.122+-x86_64-with-glibc2.39
0.0,28,False,20000,True,2.8643940196049744,20000,20260919_173231,backprop_1986.ipynb,3.13.15,2.1.3,Linux-6.6.122+-x86_64-with-glibc2.39
0.0,29,True,6962,False,0.2939745381139791,20000,20260919_173231,backprop_1986.ipynb,3.13.15,2.1.3,Linux-6.6.122+-x86_64-with-glibc2.39
0.5,0,False,20000,True,2.9572538290817265,20000,20260919_173231,backprop_1986.ipynb,3.13.15,2.1.3,Linux-6.6.122+-x86_64-with-glibc2.39
0.5,1,True,2134,False,0.29333599465643523,20000,20260919_173231,backprop_1986.ipynb,3.13.15,2.1.3,Linux-6.6.122+-x86_64-with-glibc2.39
0.5,2,True,2037,False,0.29338476415194015,20000,20260919_173231,backprop_1986.ipynb,3.13.15,2.1.3,Linux-6.6.122+-x86_64-with-glibc2.39
0.5,3,False,20000,True,2.682465523921116,20000,20260919_173231,backprop_1986.ipynb,3.13.15,2.1.3,Linux-6.6.122+-x86_64-with-glibc2.39
0.5,4,False,20000,True,2.8605592569942777,20000,20260919_173231,backprop_1986.ipynb,3.13.15,2.1.3,Linux-6.6.122+-x86_64-with-glibc2.39
0.5,5,False,20000,True,1.7598299051454174,20000,20260919_173231,backprop_1986.ipynb,3.13.15,2.1.3,Linux-6.6.122+-x86_64-with-glibc2.39
0.5,6,False,20000,True,3.000199205248318,20000,20260919_173231,backprop_1986.ipynb,3.13.15,2.1.3,Linux-6.6.122+-x86_64-with-glibc2.39
0.5,7,False,20000,True,2.509675031888981,20000,20260919_173231,backprop_1986.ipynb,3.13.15,2.1.3,Linux-6.6.122+-x86_64-with-glibc2.39
0.5,8,False,20000,True,2.5379174138348994,20000,20260919_173231,backprop_1986.ipynb,3.13.15,2.1.3,Linux-6.6.122+-x86_64-with-glibc2.39
0.5,9,False,20000,True,2.860439893558195,20000,20260919_173231,backprop_1986.ipynb,3.13.15,2.1.3,Linux-6.6.122+-x86_64-with-glibc2.39
0.5,10,False,20000,True,2.565568964512039,20000,20260919_173231,backprop_1986.ipynb,3.13.15,2.1.3,Linux-6.6.122+-x86_64-with-glibc2.39
0.5,11,False,20000,True,2.8608588725089357,20000,20260919_173231,backprop_1986.ipynb,3.13.15,2.1.3,Linux-6.6.122+-x86_64-with-glibc2.39
0.5,12,False,20000,True,2.6833671234418235,20000,20260919_173231,backprop_1986.ipynb,3.13.15,2.1.3,Linux-6.6.122+-x86_64-with-glibc2.39
0.5,13,False,20000,True,2.6809489418968173,20000,20260919_173231,backprop_1986.ipynb,3.13.15,2.1.3,Linux-6.6.122+-x86_64-with-glibc2.39
0.5,14,False,20000,True,2.860626827913214,20000,20260919_173231,backprop_1986.ipynb,3.13.15,2.1.3,Linux-6.6.122+-x86_64-with-glibc2.39
0.5,15,False,20000,True,1.7606028140081034,20000,20260919_173231,backprop_1986.ipynb,3.13.15,2.1.3,Linux-6.6.122+-x86_64-with-glibc2.39
0.5,16,False,20000,True,2.5772865325306764,20000,20260919_173231,backprop_1986.ipynb,3.13.15,2.1.3,Linux-6.6.122+-x86_64-with-glibc2.39
0.5,17,False,20000,True,2.712150309832713,20000,20260919_173231,backprop_1986.ipynb,3.13.15,2.1.3,Linux-6.6.122+-x86_64-with-glibc2.39
0.5,18,False,20000,True,3.000214900174244,20000,20260919_173231,backprop_1986.ipynb,3.13.15,2.1.3,Linux-6.6.122+-x86_64-with-glibc2.39
0.5,19,True,3270,False,0.2538391601602682,20000,20260919_173231,backprop_1986.ipynb,3.13.15,2.1.3,Linux-6.6.122+-x86_64-with-glibc2.39
0.5,20,True,2131,False,0.2539253962855355,20000,20260919_173231,backprop_1986.ipynb,3.13.15,2.1.3,Linux-6.6.122+-x86_64-with-glibc2.39
0.5,21,False,20000,True,2.86077086071225,20000,20260919_173231,backprop_1986.ipynb,3.13.15,2.1.3,Linux-6.6.122+-x86_64-with-glibc2.39
0.5,22,False,20000,True,2.95719331627358,20000,20260919_173231,backprop_1986.ipynb,3.13.15,2.1.3,Linux-6.6.122+-x86_64-with-glibc2.39
0.5,23,True,4056,False,0.2924802513140048,20000,20260919_173231,backprop_1986.ipynb,3.13.15,2.1.3,Linux-6.6.122+-x86_64-with-glibc2.39
0.5,24,False,20000,True,3.0002078912834635,20000,20260919_173231,backprop_1986.ipynb,3.13.15,2.1.3,Linux-6.6.122+-x86_64-with-glibc2.39
0.5,25,True,3174,False,0.29280118961117985,20000,20260919_173231,backprop_1986.ipynb,3.13.15,2.1.3,Linux-6.6.122+-x86_64-with-glibc2.39
0.5,26,True,2168,False,0.2930553240753001,20000,20260919_173231,backprop_1986.ipynb,3.13.15,2.1.3,Linux-6.6.122+-x86_64-with-glibc2.39
0.5,27,True,3016,False,0.2549395774812412,20000,20260919_173231,backprop_1986.ipynb,3.13.15,2.1.3,Linux-6.6.122+-x86_64-with-glibc2.39
0.5,28,False,20000,True,2.86047479233544,20000,20260919_173231,backprop_1986.ipynb,3.13.15,2.1.3,Linux-6.6.122+-x86_64-with-glibc2.39
0.5,29,True,2680,False,0.2927737072833113,20000,20260919_173231,backprop_1986.ipynb,3.13.15,2.1.3,Linux-6.6.122+-x86_64-with-glibc2.39
0.9,0,True,17395,False,0.285071768539891,20000,20260919_173231,backprop_1986.ipynb,3.13.15,2.1.3,Linux-6.6.122+-x86_64-with-glibc2.39
0.9,1,True,808,False,0.2847173712581066,20000,20260919_173231,backprop_1986.ipynb,3.13.15,2.1.3,Linux-6.6.122+-x86_64-with-glibc2.39
0.9,2,True,14775,False,0.28528802950450394,20000,20260919_173231,backprop_1986.ipynb,3.13.15,2.1.3,Linux-6.6.122+-x86_64-with-glibc2.39
0.9,3,True,1190,False,0.2807627554247347,20000,20260919_173231,backprop_1986.ipynb,3.13.15,2.1.3,Linux-6.6.122+-x86_64-with-glibc2.39
0.9,4,False,20000,True,3.999993129847288,20000,20260919_173231,backprop_1986.ipynb,3.13.15,2.1.3,Linux-6.6.122+-x86_64-with-glibc2.39
0.9,5,True,2257,False,0.2821898820098702,20000,20260919_173231,backprop_1986.ipynb,3.13.15,2.1.3,Linux-6.6.122+-x86_64-with-glibc2.39
0.9,6,True,758,False,0.2858478621766039,20000,20260919_173231,backprop_1986.ipynb,3.13.15,2.1.3,Linux-6.6.122+-x86_64-with-glibc2.39
0.9,7,False,20000,True,3.999990502599191,20000,20260919_173231,backprop_1986.ipynb,3.13.15,2.1.3,Linux-6.6.122+-x86_64-with-glibc2.39
0.9,8,True,721,False,0.2823759955166597,20000,20260919_173231,backprop_1986.ipynb,3.13.15,2.1.3,Linux-6.6.122+-x86_64-with-glibc2.39
0.9,9,True,1965,False,0.2466896992106506,20000,20260919_173231,backprop_1986.ipynb,3.13.15,2.1.3,Linux-6.6.122+-x86_64-with-glibc2.39
0.9,10,True,1220,False,0.2860884333823789,20000,20260919_173231,backprop_1986.ipynb,3.13.15,2.1.3,Linux-6.6.122+-x86_64-with-glibc2.39
0.9,11,True,5427,False,0.2821914995409969,20000,20260919_173231,backprop_1986.ipynb,3.13.15,2.1.3,Linux-6.6.122+-x86_64-with-glibc2.39
0.9,12,True,1609,False,0.28231832739134854,20000,20260919_173231,backprop_1986.ipynb,3.13.15,2.1.3,Linux-6.6.122+-x86_64-with-glibc2.39
0.9,13,True,2688,False,0.2855898587389367,20000,20260919_173231,backprop_1986.ipynb,3.13.15,2.1.3,Linux-6.6.122+-x86_64-with-glibc2.39
0.9,14,True,1505,False,0.2805096776414216,20000,20260919_173231,backprop_1986.ipynb,3.13.15,2.1.3,Linux-6.6.122+-x86_64-with-glibc2.39
0.9,15,True,2304,False,0.28399383316442595,20000,20260919_173231,backprop_1986.ipynb,3.13.15,2.1.3,Linux-6.6.122+-x86_64-with-glibc2.39
0.9,16,True,7313,False,0.24728805608451754,20000,20260919_173231,backprop_1986.ipynb,3.13.15,2.1.3,Linux-6.6.122+-x86_64-with-glibc2.39
0.9,17,True,5316,False,0.28833594734943185,20000,20260919_173231,backprop_1986.ipynb,3.13.15,2.1.3,Linux-6.6.122+-x86_64-with-glibc2.39
0.9,18,True,6311,False,0.2855817149495067,20000,20260919_173231,backprop_1986.ipynb,3.13.15,2.1.3,Linux-6.6.122+-x86_64-with-glibc2.39
0.9,19,True,2375,False,0.24760204560804705,20000,20260919_173231,backprop_1986.ipynb,3.13.15,2.1.3,Linux-6.6.122+-x86_64-with-glibc2.39
0.9,20,True,9651,False,0.28141991102307184,20000,20260919_173231,backprop_1986.ipynb,3.13.15,2.1.3,Linux-6.6.122+-x86_64-with-glibc2.39
0.9,21,True,1722,False,0.2481292560448646,20000,20260919_173231,backprop_1986.ipynb,3.13.15,2.1.3,Linux-6.6.122+-x86_64-with-glibc2.39
0.9,22,True,1763,False,0.28403938016968683,20000,20260919_173231,backprop_1986.ipynb,3.13.15,2.1.3,Linux-6.6.122+-x86_64-with-glibc2.39
0.9,23,True,2568,False,0.2862744958443324,20000,20260919_173231,backprop_1986.ipynb,3.13.15,2.1.3,Linux-6.6.122+-x86_64-with-glibc2.39
0.9,24,True,777,False,0.2812468729060327,20000,20260919_173231,backprop_1986.ipynb,3.13.15,2.1.3,Linux-6.6.122+-x86_64-with-glibc2.39
0.9,25,True,3291,False,0.2869988522786386,20000,20260919_173231,backprop_1986.ipynb,3.13.15,2.1.3,Linux-6.6.122+-x86_64-with-glibc2.39
0.9,26,True,3089,False,0.2855637197851945,20000,20260919_173231,backprop_1986.ipynb,3.13.15,2.1.3,Linux-6.6.122+-x86_64-with-glibc2.39
0.9,27,True,6168,False,0.2489734201896858,20000,20260919_173231,backprop_1986.ipynb,3.13.15,2.1.3,Linux-6.6.122+-x86_64-with-glibc2.39
0.9,28,True,1068,False,0.2839055956637604,20000,20260919_173231,backprop_1986.ipynb,3.13.15,2.1.3,Linux-6.6.122+-x86_64-with-glibc2.39
0.9,29,True,8323,False,0.2818535646513699,20000,20260919_173231,backprop_1986.ipynb,3.13.15,2.1.3,Linux-6.6.122+-x86_64-with-glibc2.39
