eps_late,decay,margin,seed,sweeps,E,train_strict,train_top,train_n,test_strict,test_top,test_n,run_id,notebook,python,numpy,platform
0.01,0.0,켬,0,6000,76.45726550761611,0,13,100,0,0,4,20260919_173231,backprop_1986.ipynb,3.13.15,2.1.3,Linux-6.6.122+-x86_64-with-glibc2.39
0.01,0.0,켬,1,6000,79.38225536576127,0,15,100,0,0,4,20260919_173231,backprop_1986.ipynb,3.13.15,2.1.3,Linux-6.6.122+-x86_64-with-glibc2.39
0.01,0.0,켬,2,6000,76.8667066967709,0,13,100,0,0,4,20260919_173231,backprop_1986.ipynb,3.13.15,2.1.3,Linux-6.6.122+-x86_64-with-glibc2.39
0.01,0.0,켬,3,6000,75.78701590781625,0,13,100,0,0,4,20260919_173231,backprop_1986.ipynb,3.13.15,2.1.3,Linux-6.6.122+-x86_64-with-glibc2.39
0.01,0.0,켬,4,6000,79.39637868627065,0,9,100,0,0,4,20260919_173231,backprop_1986.ipynb,3.13.15,2.1.3,Linux-6.6.122+-x86_64-with-glibc2.39
0.01,0.0,켬,5,6000,77.65395726978977,0,14,100,0,0,4,20260919_173231,backprop_1986.ipynb,3.13.15,2.1.3,Linux-6.6.122+-x86_64-with-glibc2.39
0.01,0.0,켬,6,6000,76.62613733563362,0,16,100,0,0,4,20260919_173231,backprop_1986.ipynb,3.13.15,2.1.3,Linux-6.6.122+-x86_64-with-glibc2.39
0.01,0.0,켬,7,6000,71.72637124054337,0,14,100,0,0,4,20260919_173231,backprop_1986.ipynb,3.13.15,2.1.3,Linux-6.6.122+-x86_64-with-glibc2.39
0.01,0.0,끔,0,6000,46.323451145397705,0,19,100,0,0,4,20260919_173231,backprop_1986.ipynb,3.13.15,2.1.3,Linux-6.6.122+-x86_64-with-glibc2.39
0.01,0.0,끔,1,6000,46.236419422531014,0,22,100,0,0,4,20260919_173231,backprop_1986.ipynb,3.13.15,2.1.3,Linux-6.6.122+-x86_64-with-glibc2.39
0.01,0.0,끔,2,6000,51.08121212779662,0,7,100,0,0,4,20260919_173231,backprop_1986.ipynb,3.13.15,2.1.3,Linux-6.6.122+-x86_64-with-glibc2.39
0.01,0.0,끔,3,6000,44.09026984182757,0,23,100,0,0,4,20260919_173231,backprop_1986.ipynb,3.13.15,2.1.3,Linux-6.6.122+-x86_64-with-glibc2.39
0.01,0.0,끔,4,6000,42.98921471063428,4,28,100,0,0,4,20260919_173231,backprop_1986.ipynb,3.13.15,2.1.3,Linux-6.6.122+-x86_64-with-glibc2.39
0.01,0.0,끔,5,6000,50.73400863740518,0,11,100,0,0,4,20260919_173231,backprop_1986.ipynb,3.13.15,2.1.3,Linux-6.6.122+-x86_64-with-glibc2.39
0.01,0.0,끔,6,6000,51.119119725242825,0,14,100,0,0,4,20260919_173231,backprop_1986.ipynb,3.13.15,2.1.3,Linux-6.6.122+-x86_64-with-glibc2.39
0.01,0.0,끔,7,6000,49.06913121636116,0,14,100,0,0,4,20260919_173231,backprop_1986.ipynb,3.13.15,2.1.3,Linux-6.6.122+-x86_64-with-glibc2.39
0.01,0.002,켬,0,6000,77.55591681300365,0,6,100,0,0,4,20260919_173231,backprop_1986.ipynb,3.13.15,2.1.3,Linux-6.6.122+-x86_64-with-glibc2.39
0.01,0.002,켬,1,6000,76.50405083290724,0,7,100,0,0,4,20260919_173231,backprop_1986.ipynb,3.13.15,2.1.3,Linux-6.6.122+-x86_64-with-glibc2.39
0.01,0.002,켬,2,6000,77.99449070028521,0,7,100,0,0,4,20260919_173231,backprop_1986.ipynb,3.13.15,2.1.3,Linux-6.6.122+-x86_64-with-glibc2.39
0.01,0.002,켬,3,6000,76.23060402672563,0,6,100,0,0,4,20260919_173231,backprop_1986.ipynb,3.13.15,2.1.3,Linux-6.6.122+-x86_64-with-glibc2.39
0.01,0.002,켬,4,6000,77.49071301204299,0,4,100,0,0,4,20260919_173231,backprop_1986.ipynb,3.13.15,2.1.3,Linux-6.6.122+-x86_64-with-glibc2.39
0.01,0.002,켬,5,6000,78.20897004106544,0,3,100,0,0,4,20260919_173231,backprop_1986.ipynb,3.13.15,2.1.3,Linux-6.6.122+-x86_64-with-glibc2.39
0.01,0.002,켬,6,6000,79.15254545432269,0,7,100,0,0,4,20260919_173231,backprop_1986.ipynb,3.13.15,2.1.3,Linux-6.6.122+-x86_64-with-glibc2.39
0.01,0.002,켬,7,6000,78.98030508224585,0,7,100,0,0,4,20260919_173231,backprop_1986.ipynb,3.13.15,2.1.3,Linux-6.6.122+-x86_64-with-glibc2.39
0.01,0.002,끔,0,6000,51.258835931398096,0,7,100,0,0,4,20260919_173231,backprop_1986.ipynb,3.13.15,2.1.3,Linux-6.6.122+-x86_64-with-glibc2.39
0.01,0.002,끔,1,6000,51.278303400009705,0,7,100,0,0,4,20260919_173231,backprop_1986.ipynb,3.13.15,2.1.3,Linux-6.6.122+-x86_64-with-glibc2.39
0.01,0.002,끔,2,6000,51.21941244277643,0,7,100,0,0,4,20260919_173231,backprop_1986.ipynb,3.13.15,2.1.3,Linux-6.6.122+-x86_64-with-glibc2.39
0.01,0.002,끔,3,6000,50.7939815643673,0,7,100,0,0,4,20260919_173231,backprop_1986.ipynb,3.13.15,2.1.3,Linux-6.6.122+-x86_64-with-glibc2.39
0.01,0.002,끔,4,6000,51.278284201071926,0,7,100,0,0,4,20260919_173231,backprop_1986.ipynb,3.13.15,2.1.3,Linux-6.6.122+-x86_64-with-glibc2.39
0.01,0.002,끔,5,6000,50.77452742359674,0,7,100,0,0,4,20260919_173231,backprop_1986.ipynb,3.13.15,2.1.3,Linux-6.6.122+-x86_64-with-glibc2.39
0.01,0.002,끔,6,6000,51.22939321309894,0,7,100,0,0,4,20260919_173231,backprop_1986.ipynb,3.13.15,2.1.3,Linux-6.6.122+-x86_64-with-glibc2.39
0.01,0.002,끔,7,6000,51.23891343030816,0,7,100,0,0,4,20260919_173231,backprop_1986.ipynb,3.13.15,2.1.3,Linux-6.6.122+-x86_64-with-glibc2.39
0.02,0.0,켬,0,6000,14.70451171554111,54,93,100,0,1,4,20260919_173231,backprop_1986.ipynb,3.13.15,2.1.3,Linux-6.6.122+-x86_64-with-glibc2.39
0.02,0.0,켬,1,6000,18.731824654284257,41,86,100,0,2,4,20260919_173231,backprop_1986.ipynb,3.13.15,2.1.3,Linux-6.6.122+-x86_64-with-glibc2.39
0.02,0.0,켬,2,6000,18.248981413851713,21,87,100,0,3,4,20260919_173231,backprop_1986.ipynb,3.13.15,2.1.3,Linux-6.6.122+-x86_64-with-glibc2.39
0.02,0.0,켬,3,6000,36.59496806501321,21,69,100,0,2,4,20260919_173231,backprop_1986.ipynb,3.13.15,2.1.3,Linux-6.6.122+-x86_64-with-glibc2.39
0.02,0.0,켬,4,6000,24.769763786736533,21,89,100,0,1,4,20260919_173231,backprop_1986.ipynb,3.13.15,2.1.3,Linux-6.6.122+-x86_64-with-glibc2.39
0.02,0.0,켬,5,6000,23.201306483743714,35,86,100,0,2,4,20260919_173231,backprop_1986.ipynb,3.13.15,2.1.3,Linux-6.6.122+-x86_64-with-glibc2.39
0.02,0.0,켬,6,6000,10.597191646191726,65,98,100,2,3,4,20260919_173231,backprop_1986.ipynb,3.13.15,2.1.3,Linux-6.6.122+-x86_64-with-glibc2.39
0.02,0.0,켬,7,6000,24.688065862041263,15,84,100,0,2,4,20260919_173231,backprop_1986.ipynb,3.13.15,2.1.3,Linux-6.6.122+-x86_64-with-glibc2.39
0.02,0.0,끔,0,6000,6.153511005417813,74,94,100,1,1,4,20260919_173231,backprop_1986.ipynb,3.13.15,2.1.3,Linux-6.6.122+-x86_64-with-glibc2.39
0.02,0.0,끔,1,6000,17.380897257629087,44,75,100,1,3,4,20260919_173231,backprop_1986.ipynb,3.13.15,2.1.3,Linux-6.6.122+-x86_64-with-glibc2.39
0.02,0.0,끔,2,6000,23.232495677336047,29,72,100,0,0,4,20260919_173231,backprop_1986.ipynb,3.13.15,2.1.3,Linux-6.6.122+-x86_64-with-glibc2.39
0.02,0.0,끔,3,6000,7.460901182935229,55,95,100,1,2,4,20260919_173231,backprop_1986.ipynb,3.13.15,2.1.3,Linux-6.6.122+-x86_64-with-glibc2.39
0.02,0.0,끔,4,6000,2.6724232194746103,94,98,100,0,2,4,20260919_173231,backprop_1986.ipynb,3.13.15,2.1.3,Linux-6.6.122+-x86_64-with-glibc2.39
0.02,0.0,끔,5,6000,12.946773759869565,56,86,100,1,1,4,20260919_173231,backprop_1986.ipynb,3.13.15,2.1.3,Linux-6.6.122+-x86_64-with-glibc2.39
0.02,0.0,끔,6,6000,12.528637025961505,67,80,100,2,2,4,20260919_173231,backprop_1986.ipynb,3.13.15,2.1.3,Linux-6.6.122+-x86_64-with-glibc2.39
0.02,0.0,끔,7,6000,24.946256723036093,27,66,100,0,0,4,20260919_173231,backprop_1986.ipynb,3.13.15,2.1.3,Linux-6.6.122+-x86_64-with-glibc2.39
0.02,0.002,켬,0,6000,78.01089780822592,0,4,100,0,0,4,20260919_173231,backprop_1986.ipynb,3.13.15,2.1.3,Linux-6.6.122+-x86_64-with-glibc2.39
0.02,0.002,켬,1,6000,77.55420858004051,0,3,100,0,1,4,20260919_173231,backprop_1986.ipynb,3.13.15,2.1.3,Linux-6.6.122+-x86_64-with-glibc2.39
0.02,0.002,켬,2,6000,79.09646327155968,0,7,100,0,0,4,20260919_173231,backprop_1986.ipynb,3.13.15,2.1.3,Linux-6.6.122+-x86_64-with-glibc2.39
0.02,0.002,켬,3,6000,77.60902926485215,0,7,100,0,0,4,20260919_173231,backprop_1986.ipynb,3.13.15,2.1.3,Linux-6.6.122+-x86_64-with-glibc2.39
0.02,0.002,켬,4,6000,77.97284213826751,0,5,100,0,2,4,20260919_173231,backprop_1986.ipynb,3.13.15,2.1.3,Linux-6.6.122+-x86_64-with-glibc2.39
0.02,0.002,켬,5,6000,77.06039933043489,0,4,100,0,0,4,20260919_173231,backprop_1986.ipynb,3.13.15,2.1.3,Linux-6.6.122+-x86_64-with-glibc2.39
0.02,0.002,켬,6,6000,77.80766915240103,0,4,100,0,0,4,20260919_173231,backprop_1986.ipynb,3.13.15,2.1.3,Linux-6.6.122+-x86_64-with-glibc2.39
0.02,0.002,켬,7,6000,77.06848393829503,0,3,100,0,0,4,20260919_173231,backprop_1986.ipynb,3.13.15,2.1.3,Linux-6.6.122+-x86_64-with-glibc2.39
0.02,0.002,끔,0,6000,51.25198007438389,0,7,100,0,0,4,20260919_173231,backprop_1986.ipynb,3.13.15,2.1.3,Linux-6.6.122+-x86_64-with-glibc2.39
0.02,0.002,끔,1,6000,51.27179882253422,0,7,100,0,0,4,20260919_173231,backprop_1986.ipynb,3.13.15,2.1.3,Linux-6.6.122+-x86_64-with-glibc2.39
0.02,0.002,끔,2,6000,51.212144939591624,0,7,100,0,0,4,20260919_173231,backprop_1986.ipynb,3.13.15,2.1.3,Linux-6.6.122+-x86_64-with-glibc2.39
0.02,0.002,끔,3,6000,50.787073074621745,0,7,100,0,0,4,20260919_173231,backprop_1986.ipynb,3.13.15,2.1.3,Linux-6.6.122+-x86_64-with-glibc2.39
0.02,0.002,끔,4,6000,51.271754048768685,0,7,100,0,0,4,20260919_173231,backprop_1986.ipynb,3.13.15,2.1.3,Linux-6.6.122+-x86_64-with-glibc2.39
0.02,0.002,끔,5,6000,50.76728771021656,0,7,100,0,0,4,20260919_173231,backprop_1986.ipynb,3.13.15,2.1.3,Linux-6.6.122+-x86_64-with-glibc2.39
0.02,0.002,끔,6,6000,51.222159101272084,0,7,100,0,0,4,20260919_173231,backprop_1986.ipynb,3.13.15,2.1.3,Linux-6.6.122+-x86_64-with-glibc2.39
0.02,0.002,끔,7,6000,51.23204382338534,0,7,100,0,0,4,20260919_173231,backprop_1986.ipynb,3.13.15,2.1.3,Linux-6.6.122+-x86_64-with-glibc2.39
0.05,0.0,켬,0,6000,3.991302286223315,96,99,100,1,1,4,20260919_173231,backprop_1986.ipynb,3.13.15,2.1.3,Linux-6.6.122+-x86_64-with-glibc2.39
0.05,0.0,켬,1,6000,4.151012243304784,100,100,100,0,2,4,20260919_173231,backprop_1986.ipynb,3.13.15,2.1.3,Linux-6.6.122+-x86_64-with-glibc2.39
0.05,0.0,켬,2,6000,9.710948550758346,76,94,100,0,1,4,20260919_173231,backprop_1986.ipynb,3.13.15,2.1.3,Linux-6.6.122+-x86_64-with-glibc2.39
0.05,0.0,켬,3,6000,15.550454861718343,34,93,100,0,0,4,20260919_173231,backprop_1986.ipynb,3.13.15,2.1.3,Linux-6.6.122+-x86_64-with-glibc2.39
0.05,0.0,켬,4,6000,3.994239396639851,100,100,100,0,1,4,20260919_173231,backprop_1986.ipynb,3.13.15,2.1.3,Linux-6.6.122+-x86_64-with-glibc2.39
0.05,0.0,켬,5,6000,4.921172817525999,99,99,100,1,1,4,20260919_173231,backprop_1986.ipynb,3.13.15,2.1.3,Linux-6.6.122+-x86_64-with-glibc2.39
0.05,0.0,켬,6,6000,8.270518430438914,36,97,100,0,1,4,20260919_173231,backprop_1986.ipynb,3.13.15,2.1.3,Linux-6.6.122+-x86_64-with-glibc2.39
0.05,0.0,켬,7,6000,21.54895903269226,39,78,100,1,1,4,20260919_173231,backprop_1986.ipynb,3.13.15,2.1.3,Linux-6.6.122+-x86_64-with-glibc2.39
0.05,0.0,끔,0,6000,2.7332336236295722,95,95,100,1,1,4,20260919_173231,backprop_1986.ipynb,3.13.15,2.1.3,Linux-6.6.122+-x86_64-with-glibc2.39
0.05,0.0,끔,1,6000,6.951169183214145,82,88,100,0,2,4,20260919_173231,backprop_1986.ipynb,3.13.15,2.1.3,Linux-6.6.122+-x86_64-with-glibc2.39
0.05,0.0,끔,2,6000,3.3705101337027203,94,94,100,1,1,4,20260919_173231,backprop_1986.ipynb,3.13.15,2.1.3,Linux-6.6.122+-x86_64-with-glibc2.39
0.05,0.0,끔,3,6000,12.85105744762846,74,75,100,1,2,4,20260919_173231,backprop_1986.ipynb,3.13.15,2.1.3,Linux-6.6.122+-x86_64-with-glibc2.39
0.05,0.0,끔,4,6000,1.8240911724503437,96,97,100,1,1,4,20260919_173231,backprop_1986.ipynb,3.13.15,2.1.3,Linux-6.6.122+-x86_64-with-glibc2.39
0.05,0.0,끔,5,6000,1.1597137311667585,98,98,100,2,2,4,20260919_173231,backprop_1986.ipynb,3.13.15,2.1.3,Linux-6.6.122+-x86_64-with-glibc2.39
0.05,0.0,끔,6,6000,3.498533177432594,87,95,100,1,2,4,20260919_173231,backprop_1986.ipynb,3.13.15,2.1.3,Linux-6.6.122+-x86_64-with-glibc2.39
0.05,0.0,끔,7,6000,4.950589007039351,82,92,100,0,1,4,20260919_173231,backprop_1986.ipynb,3.13.15,2.1.3,Linux-6.6.122+-x86_64-with-glibc2.39
0.05,0.002,켬,0,6000,75.51999731518328,0,6,100,0,0,4,20260919_173231,backprop_1986.ipynb,3.13.15,2.1.3,Linux-6.6.122+-x86_64-with-glibc2.39
0.05,0.002,켬,1,6000,75.71175594971731,0,4,100,0,0,4,20260919_173231,backprop_1986.ipynb,3.13.15,2.1.3,Linux-6.6.122+-x86_64-with-glibc2.39
0.05,0.002,켬,2,6000,74.7953257707511,0,4,100,0,0,4,20260919_173231,backprop_1986.ipynb,3.13.15,2.1.3,Linux-6.6.122+-x86_64-with-glibc2.39
0.05,0.002,켬,3,6000,73.91086101670726,0,7,100,0,0,4,20260919_173231,backprop_1986.ipynb,3.13.15,2.1.3,Linux-6.6.122+-x86_64-with-glibc2.39
0.05,0.002,켬,4,6000,75.76658703285786,0,7,100,0,0,4,20260919_173231,backprop_1986.ipynb,3.13.15,2.1.3,Linux-6.6.122+-x86_64-with-glibc2.39
0.05,0.002,켬,5,6000,18.023158411087977,4,91,100,0,1,4,20260919_173231,backprop_1986.ipynb,3.13.15,2.1.3,Linux-6.6.122+-x86_64-with-glibc2.39
0.05,0.002,켬,6,6000,77.43088129264592,0,7,100,0,0,4,20260919_173231,backprop_1986.ipynb,3.13.15,2.1.3,Linux-6.6.122+-x86_64-with-glibc2.39
0.05,0.002,켬,7,6000,76.53425423947755,0,7,100,0,0,4,20260919_173231,backprop_1986.ipynb,3.13.15,2.1.3,Linux-6.6.122+-x86_64-with-glibc2.39
0.05,0.002,끔,0,6000,51.246723468689254,0,7,100,0,0,4,20260919_173231,backprop_1986.ipynb,3.13.15,2.1.3,Linux-6.6.122+-x86_64-with-glibc2.39
0.05,0.002,끔,1,6000,51.266430383110105,0,7,100,0,0,4,20260919_173231,backprop_1986.ipynb,3.13.15,2.1.3,Linux-6.6.122+-x86_64-with-glibc2.39
0.05,0.002,끔,2,6000,51.20553830931962,0,7,100,0,0,4,20260919_173231,backprop_1986.ipynb,3.13.15,2.1.3,Linux-6.6.122+-x86_64-with-glibc2.39
0.05,0.002,끔,3,6000,50.78215189871387,0,7,100,0,0,4,20260919_173231,backprop_1986.ipynb,3.13.15,2.1.3,Linux-6.6.122+-x86_64-with-glibc2.39
0.05,0.002,끔,4,6000,51.26485630096965,0,7,100,0,0,4,20260919_173231,backprop_1986.ipynb,3.13.15,2.1.3,Linux-6.6.122+-x86_64-with-glibc2.39
0.05,0.002,끔,5,6000,50.76287566637718,0,7,100,0,0,4,20260919_173231,backprop_1986.ipynb,3.13.15,2.1.3,Linux-6.6.122+-x86_64-with-glibc2.39
0.05,0.002,끔,6,6000,51.2164831538361,0,7,100,0,0,4,20260919_173231,backprop_1986.ipynb,3.13.15,2.1.3,Linux-6.6.122+-x86_64-with-glibc2.39
0.05,0.002,끔,7,6000,51.227191012109245,0,7,100,0,0,4,20260919_173231,backprop_1986.ipynb,3.13.15,2.1.3,Linux-6.6.122+-x86_64-with-glibc2.39
0.1,0.0,켬,0,6000,53.99971765768083,0,3,100,0,0,4,20260919_173231,backprop_1986.ipynb,3.13.15,2.1.3,Linux-6.6.122+-x86_64-with-glibc2.39
0.1,0.0,켬,1,6000,53.998530925591254,0,3,100,0,0,4,20260919_173231,backprop_1986.ipynb,3.13.15,2.1.3,Linux-6.6.122+-x86_64-with-glibc2.39
0.1,0.0,켬,2,6000,53.99979218721549,0,4,100,0,0,4,20260919_173231,backprop_1986.ipynb,3.13.15,2.1.3,Linux-6.6.122+-x86_64-with-glibc2.39
0.1,0.0,켬,3,6000,53.499556648086354,0,1,100,0,0,4,20260919_173231,backprop_1986.ipynb,3.13.15,2.1.3,Linux-6.6.122+-x86_64-with-glibc2.39
0.1,0.0,켬,4,6000,53.99959178605094,0,3,100,0,0,4,20260919_173231,backprop_1986.ipynb,3.13.15,2.1.3,Linux-6.6.122+-x86_64-with-glibc2.39
0.1,0.0,켬,5,6000,53.49977167746111,0,1,100,0,0,4,20260919_173231,backprop_1986.ipynb,3.13.15,2.1.3,Linux-6.6.122+-x86_64-with-glibc2.39
0.1,0.0,켬,6,6000,53.99928354020696,0,3,100,0,0,4,20260919_173231,backprop_1986.ipynb,3.13.15,2.1.3,Linux-6.6.122+-x86_64-with-glibc2.39
0.1,0.0,켬,7,6000,53.99979542830204,0,3,100,0,1,4,20260919_173231,backprop_1986.ipynb,3.13.15,2.1.3,Linux-6.6.122+-x86_64-with-glibc2.39
0.1,0.0,끔,0,6000,4.682286429217996,91,91,100,2,2,4,20260919_173231,backprop_1986.ipynb,3.13.15,2.1.3,Linux-6.6.122+-x86_64-with-glibc2.39
0.1,0.0,끔,1,6000,52.18498777413819,0,6,100,0,0,4,20260919_173231,backprop_1986.ipynb,3.13.15,2.1.3,Linux-6.6.122+-x86_64-with-glibc2.39
0.1,0.0,끔,2,6000,31.31463303806952,38,43,100,1,1,4,20260919_173231,backprop_1986.ipynb,3.13.15,2.1.3,Linux-6.6.122+-x86_64-with-glibc2.39
0.1,0.0,끔,3,6000,6.087597695192114,88,88,100,2,3,4,20260919_173231,backprop_1986.ipynb,3.13.15,2.1.3,Linux-6.6.122+-x86_64-with-glibc2.39
0.1,0.0,끔,4,6000,53.281795352147604,0,3,100,0,0,4,20260919_173231,backprop_1986.ipynb,3.13.15,2.1.3,Linux-6.6.122+-x86_64-with-glibc2.39
0.1,0.0,끔,5,6000,1.0272084550234037,92,100,100,2,2,4,20260919_173231,backprop_1986.ipynb,3.13.15,2.1.3,Linux-6.6.122+-x86_64-with-glibc2.39
0.1,0.0,끔,6,6000,6.07361721940253,88,88,100,2,2,4,20260919_173231,backprop_1986.ipynb,3.13.15,2.1.3,Linux-6.6.122+-x86_64-with-glibc2.39
0.1,0.0,끔,7,6000,21.739175696296194,54,58,100,0,0,4,20260919_173231,backprop_1986.ipynb,3.13.15,2.1.3,Linux-6.6.122+-x86_64-with-glibc2.39
0.1,0.002,켬,0,6000,8.387067768131775,28,100,100,0,2,4,20260919_173231,backprop_1986.ipynb,3.13.15,2.1.3,Linux-6.6.122+-x86_64-with-glibc2.39
0.1,0.002,켬,1,6000,9.788725019790038,45,100,100,1,1,4,20260919_173231,backprop_1986.ipynb,3.13.15,2.1.3,Linux-6.6.122+-x86_64-with-glibc2.39
0.1,0.002,켬,2,6000,6.657108552807685,71,100,100,0,3,4,20260919_173231,backprop_1986.ipynb,3.13.15,2.1.3,Linux-6.6.122+-x86_64-with-glibc2.39
0.1,0.002,켬,3,6000,15.15932687185002,43,94,100,0,3,4,20260919_173231,backprop_1986.ipynb,3.13.15,2.1.3,Linux-6.6.122+-x86_64-with-glibc2.39
0.1,0.002,켬,4,6000,9.194961153991532,30,100,100,1,3,4,20260919_173231,backprop_1986.ipynb,3.13.15,2.1.3,Linux-6.6.122+-x86_64-with-glibc2.39
0.1,0.002,켬,5,6000,16.079718202123658,42,92,100,0,1,4,20260919_173231,backprop_1986.ipynb,3.13.15,2.1.3,Linux-6.6.122+-x86_64-with-glibc2.39
0.1,0.002,켬,6,6000,8.872852136296519,30,99,100,0,2,4,20260919_173231,backprop_1986.ipynb,3.13.15,2.1.3,Linux-6.6.122+-x86_64-with-glibc2.39
0.1,0.002,켬,7,6000,12.772629172572133,38,92,100,1,2,4,20260919_173231,backprop_1986.ipynb,3.13.15,2.1.3,Linux-6.6.122+-x86_64-with-glibc2.39
0.1,0.002,끔,0,6000,16.27353667219739,37,80,100,1,1,4,20260919_173231,backprop_1986.ipynb,3.13.15,2.1.3,Linux-6.6.122+-x86_64-with-glibc2.39
0.1,0.002,끔,1,6000,7.113995722371122,79,92,100,2,2,4,20260919_173231,backprop_1986.ipynb,3.13.15,2.1.3,Linux-6.6.122+-x86_64-with-glibc2.39
0.1,0.002,끔,2,6000,1.3995022102079357,99,100,100,3,4,4,20260919_173231,backprop_1986.ipynb,3.13.15,2.1.3,Linux-6.6.122+-x86_64-with-glibc2.39
0.1,0.002,끔,3,6000,5.2534807714995235,73,97,100,0,2,4,20260919_173231,backprop_1986.ipynb,3.13.15,2.1.3,Linux-6.6.122+-x86_64-with-glibc2.39
0.1,0.002,끔,4,6000,5.010667128019758,82,94,100,3,3,4,20260919_173231,backprop_1986.ipynb,3.13.15,2.1.3,Linux-6.6.122+-x86_64-with-glibc2.39
0.1,0.002,끔,5,6000,1.5482115982004525,98,100,100,1,3,4,20260919_173231,backprop_1986.ipynb,3.13.15,2.1.3,Linux-6.6.122+-x86_64-with-glibc2.39
0.1,0.002,끔,6,6000,4.505091828502097,92,94,100,1,3,4,20260919_173231,backprop_1986.ipynb,3.13.15,2.1.3,Linux-6.6.122+-x86_64-with-glibc2.39
0.1,0.002,끔,7,6000,1.852212402301399,96,100,100,0,2,4,20260919_173231,backprop_1986.ipynb,3.13.15,2.1.3,Linux-6.6.122+-x86_64-with-glibc2.39
