person,unit1,unit2,unit3,unit4,unit5,unit6,nationality,generation,run_id,notebook,python,numpy,platform
Christopher,1.1539012791546408,1.308209563137729,-0.3441140971187068,-1.6173565382444348,-1.5023492693995262,0.05434221827376481,영국,1,20260919_173231,backprop_1986.ipynb,3.13.15,2.1.3,Linux-6.6.122+-x86_64-with-glibc2.39
Penelope,0.3314736655314325,1.548288415853427,-1.2427656568513767,-2.368950289199166,-0.5122992781913945,-1.546579832169712,영국,1,20260919_173231,backprop_1986.ipynb,3.13.15,2.1.3,Linux-6.6.122+-x86_64-with-glibc2.39
Andrew,-0.3818467018466833,-0.21695022662978092,2.2038055258373705,-1.5102336354273376,-1.7304407841314395,2.2854748776052087,영국,1,20260919_173231,backprop_1986.ipynb,3.13.15,2.1.3,Linux-6.6.122+-x86_64-with-glibc2.39
Christine,0.7581855440538755,2.0671853697137585,1.9920084526862345,-2.053888899320508,-2.1828161184322563,0.9598795572169136,영국,1,20260919_173231,backprop_1986.ipynb,3.13.15,2.1.3,Linux-6.6.122+-x86_64-with-glibc2.39
Margaret,1.163028969239547,1.3517323135962533,0.7807538865141329,1.1965910700809754,1.1046526061031687,1.6257292057238473,영국,2,20260919_173231,backprop_1986.ipynb,3.13.15,2.1.3,Linux-6.6.122+-x86_64-with-glibc2.39
Arthur,-0.025038010512477244,2.60889471031686,-0.8681320076164396,-1.8984125230918563,2.221472275556273,-0.37239416562901273,영국,2,20260919_173231,backprop_1986.ipynb,3.13.15,2.1.3,Linux-6.6.122+-x86_64-with-glibc2.39
Victoria,1.1255574984645242,2.1568174294937625,0.34297070700708376,-1.1623336510834854,2.129314754714124,-1.4313669318914548,영국,2,20260919_173231,backprop_1986.ipynb,3.13.15,2.1.3,Linux-6.6.122+-x86_64-with-glibc2.39
James,0.22250189989422936,1.5572789606463264,1.9681264954025286,0.6683562239420086,0.22960269087040253,1.7895513076242229,영국,2,20260919_173231,backprop_1986.ipynb,3.13.15,2.1.3,Linux-6.6.122+-x86_64-with-glibc2.39
Jennifer,-1.2798701403488997,-0.17709849972482414,2.3436761323383957,-0.6668269425644971,0.8563191272639021,2.0697891702181375,영국,2,20260919_173231,backprop_1986.ipynb,3.13.15,2.1.3,Linux-6.6.122+-x86_64-with-glibc2.39
Charles,-1.6812477438566755,1.7169581568190881,0.5755696749219722,0.12568235975367945,-0.8848648182528692,-0.7763636274566119,영국,2,20260919_173231,backprop_1986.ipynb,3.13.15,2.1.3,Linux-6.6.122+-x86_64-with-glibc2.39
Colin,0.41192858770621144,2.1272310570618496,1.779042188253786,2.12859467478477,2.602088239965533,-1.393071096763481,영국,3,20260919_173231,backprop_1986.ipynb,3.13.15,2.1.3,Linux-6.6.122+-x86_64-with-glibc2.39
Charlotte,0.3870773236345569,2.2945615861978865,1.703098575451037,2.235278269155967,2.5549733079003842,-1.1311079196725402,영국,3,20260919_173231,backprop_1986.ipynb,3.13.15,2.1.3,Linux-6.6.122+-x86_64-with-glibc2.39
Roberto,2.374669146942137,-1.724605713853758,-1.1994950878371913,-1.3908127026750756,-1.688444965494619,1.6531758190688826,이탈리아,1,20260919_173231,backprop_1986.ipynb,3.13.15,2.1.3,Linux-6.6.122+-x86_64-with-glibc2.39
Maria,2.5243870751923625,-1.4543386756367909,-1.2996612858035228,-1.8737096514720426,-1.4210819440302227,-0.8071970611614113,이탈리아,1,20260919_173231,backprop_1986.ipynb,3.13.15,2.1.3,Linux-6.6.122+-x86_64-with-glibc2.39
Pierro,-2.2239706944294535,-1.224079066194774,-1.275525257395679,-2.1692931212319704,-2.1742353305115487,-0.5557577165465498,이탈리아,1,20260919_173231,backprop_1986.ipynb,3.13.15,2.1.3,Linux-6.6.122+-x86_64-with-glibc2.39
Francesca,-2.0555805572555035,-1.7280467862309896,-1.0074769095247706,-2.237687923857723,-2.3410289729179192,-0.9012329940273643,이탈리아,1,20260919_173231,backprop_1986.ipynb,3.13.15,2.1.3,Linux-6.6.122+-x86_64-with-glibc2.39
Gina,1.1910392795259719,-0.8305000487487576,-0.8481849615516363,2.4195320317103315,0.629522298587921,-0.5332568635129354,이탈리아,2,20260919_173231,backprop_1986.ipynb,3.13.15,2.1.3,Linux-6.6.122+-x86_64-with-glibc2.39
Emilio,0.26167649684755306,-2.3734974971366154,-1.4479799370377886,-0.7272130329251666,1.5733051948239303,-0.7608382904573351,이탈리아,2,20260919_173231,backprop_1986.ipynb,3.13.15,2.1.3,Linux-6.6.122+-x86_64-with-glibc2.39
Lucia,0.7443221078023804,-2.2588158094846036,-1.044327243850882,-0.00447502943812495,0.2932818097803396,-1.4734392689608045,이탈리아,2,20260919_173231,backprop_1986.ipynb,3.13.15,2.1.3,Linux-6.6.122+-x86_64-with-glibc2.39
Marco,0.14499424101420835,-1.7894275120078802,-0.032321176511481434,2.325285509164373,-1.8969177724030293,1.4914352431160571,이탈리아,2,20260919_173231,backprop_1986.ipynb,3.13.15,2.1.3,Linux-6.6.122+-x86_64-with-glibc2.39
Angela,-2.241305702446811,-2.04682681526816,-1.524767287554497,0.9948121694800662,-0.9223490660036616,1.695577897133439,이탈리아,2,20260919_173231,backprop_1986.ipynb,3.13.15,2.1.3,Linux-6.6.122+-x86_64-with-glibc2.39
Tomaso,-1.7810145046247583,-1.6173114426051454,-1.014449422362692,1.9784819456685394,-2.0289447174466733,-0.7145319971405871,이탈리아,2,20260919_173231,backprop_1986.ipynb,3.13.15,2.1.3,Linux-6.6.122+-x86_64-with-glibc2.39
Alfonso,-0.6603801218737977,-0.8253315981169377,-0.6314706433525805,2.6804544919483697,2.3694514480769797,-0.9038704746011027,이탈리아,3,20260919_173231,backprop_1986.ipynb,3.13.15,2.1.3,Linux-6.6.122+-x86_64-with-glibc2.39
Sophia,-0.7171375315331611,-0.8940448980328508,-0.5805197970274194,2.668205885283197,2.4742844301808335,-0.7917040155019679,이탈리아,3,20260919_173231,backprop_1986.ipynb,3.13.15,2.1.3,Linux-6.6.122+-x86_64-with-glibc2.39
