seed,hidden,converged,sweeps,E,max_sweeps,run_id,notebook,python,numpy,platform
0,2,True,4974,0.0469867456133816,20000,20260919_173231,backprop_1986.ipynb,3.13.15,2.1.3,Linux-6.6.122+-x86_64-with-glibc2.39
1,2,True,1707,0.05732256165198095,20000,20260919_173231,backprop_1986.ipynb,3.13.15,2.1.3,Linux-6.6.122+-x86_64-with-glibc2.39
2,2,True,2148,0.06248563476259269,20000,20260919_173231,backprop_1986.ipynb,3.13.15,2.1.3,Linux-6.6.122+-x86_64-with-glibc2.39
3,2,True,2406,0.06606240133248217,20000,20260919_173231,backprop_1986.ipynb,3.13.15,2.1.3,Linux-6.6.122+-x86_64-with-glibc2.39
4,2,True,1281,0.05661768266853153,20000,20260919_173231,backprop_1986.ipynb,3.13.15,2.1.3,Linux-6.6.122+-x86_64-with-glibc2.39
5,2,True,1926,0.04878744113215509,20000,20260919_173231,backprop_1986.ipynb,3.13.15,2.1.3,Linux-6.6.122+-x86_64-with-glibc2.39
6,2,True,3936,0.046282271465228154,20000,20260919_173231,backprop_1986.ipynb,3.13.15,2.1.3,Linux-6.6.122+-x86_64-with-glibc2.39
7,2,True,4128,0.053459819017799615,20000,20260919_173231,backprop_1986.ipynb,3.13.15,2.1.3,Linux-6.6.122+-x86_64-with-glibc2.39
8,2,True,1951,0.05504149644212268,20000,20260919_173231,backprop_1986.ipynb,3.13.15,2.1.3,Linux-6.6.122+-x86_64-with-glibc2.39
9,2,True,1359,0.05564907336758068,20000,20260919_173231,backprop_1986.ipynb,3.13.15,2.1.3,Linux-6.6.122+-x86_64-with-glibc2.39
10,2,True,1287,0.05674142662410491,20000,20260919_173231,backprop_1986.ipynb,3.13.15,2.1.3,Linux-6.6.122+-x86_64-with-glibc2.39
11,2,True,1466,0.04498887403814353,20000,20260919_173231,backprop_1986.ipynb,3.13.15,2.1.3,Linux-6.6.122+-x86_64-with-glibc2.39
12,2,True,1882,0.05547207301164193,20000,20260919_173231,backprop_1986.ipynb,3.13.15,2.1.3,Linux-6.6.122+-x86_64-with-glibc2.39
13,2,True,1264,0.04988951135998959,20000,20260919_173231,backprop_1986.ipynb,3.13.15,2.1.3,Linux-6.6.122+-x86_64-with-glibc2.39
14,2,True,1545,0.057367229059902033,20000,20260919_173231,backprop_1986.ipynb,3.13.15,2.1.3,Linux-6.6.122+-x86_64-with-glibc2.39
15,2,True,4594,0.06457894087294089,20000,20260919_173231,backprop_1986.ipynb,3.13.15,2.1.3,Linux-6.6.122+-x86_64-with-glibc2.39
16,2,True,6192,0.06375705478274667,20000,20260919_173231,backprop_1986.ipynb,3.13.15,2.1.3,Linux-6.6.122+-x86_64-with-glibc2.39
17,2,True,2557,0.05536846147104374,20000,20260919_173231,backprop_1986.ipynb,3.13.15,2.1.3,Linux-6.6.122+-x86_64-with-glibc2.39
18,2,True,7085,0.0648776635032805,20000,20260919_173231,backprop_1986.ipynb,3.13.15,2.1.3,Linux-6.6.122+-x86_64-with-glibc2.39
19,2,True,2062,0.049488518332092224,20000,20260919_173231,backprop_1986.ipynb,3.13.15,2.1.3,Linux-6.6.122+-x86_64-with-glibc2.39
20,2,True,1464,0.054487885538216624,20000,20260919_173231,backprop_1986.ipynb,3.13.15,2.1.3,Linux-6.6.122+-x86_64-with-glibc2.39
21,2,True,1578,0.04793507593015106,20000,20260919_173231,backprop_1986.ipynb,3.13.15,2.1.3,Linux-6.6.122+-x86_64-with-glibc2.39
22,2,True,8244,0.0554979031038737,20000,20260919_173231,backprop_1986.ipynb,3.13.15,2.1.3,Linux-6.6.122+-x86_64-with-glibc2.39
23,2,True,1968,0.04844846710198884,20000,20260919_173231,backprop_1986.ipynb,3.13.15,2.1.3,Linux-6.6.122+-x86_64-with-glibc2.39
24,2,True,5792,0.06417731359012495,20000,20260919_173231,backprop_1986.ipynb,3.13.15,2.1.3,Linux-6.6.122+-x86_64-with-glibc2.39
25,2,True,2770,0.04629306604493732,20000,20260919_173231,backprop_1986.ipynb,3.13.15,2.1.3,Linux-6.6.122+-x86_64-with-glibc2.39
26,2,True,3165,0.061572666360722915,20000,20260919_173231,backprop_1986.ipynb,3.13.15,2.1.3,Linux-6.6.122+-x86_64-with-glibc2.39
27,2,True,1274,0.059694320979488034,20000,20260919_173231,backprop_1986.ipynb,3.13.15,2.1.3,Linux-6.6.122+-x86_64-with-glibc2.39
28,2,True,1512,0.06163042953383689,20000,20260919_173231,backprop_1986.ipynb,3.13.15,2.1.3,Linux-6.6.122+-x86_64-with-glibc2.39
29,2,True,2640,0.045318561787836914,20000,20260919_173231,backprop_1986.ipynb,3.13.15,2.1.3,Linux-6.6.122+-x86_64-with-glibc2.39
30,2,True,3292,0.05538608154760574,20000,20260919_173231,backprop_1986.ipynb,3.13.15,2.1.3,Linux-6.6.122+-x86_64-with-glibc2.39
31,2,True,1110,0.05581146256649072,20000,20260919_173231,backprop_1986.ipynb,3.13.15,2.1.3,Linux-6.6.122+-x86_64-with-glibc2.39
32,2,True,9418,0.07414534853791298,20000,20260919_173231,backprop_1986.ipynb,3.13.15,2.1.3,Linux-6.6.122+-x86_64-with-glibc2.39
33,2,True,2418,0.056973854208763754,20000,20260919_173231,backprop_1986.ipynb,3.13.15,2.1.3,Linux-6.6.122+-x86_64-with-glibc2.39
34,2,True,1376,0.055142228614065834,20000,20260919_173231,backprop_1986.ipynb,3.13.15,2.1.3,Linux-6.6.122+-x86_64-with-glibc2.39
35,2,True,1521,0.0630230210584761,20000,20260919_173231,backprop_1986.ipynb,3.13.15,2.1.3,Linux-6.6.122+-x86_64-with-glibc2.39
36,2,True,3390,0.04692562158437408,20000,20260919_173231,backprop_1986.ipynb,3.13.15,2.1.3,Linux-6.6.122+-x86_64-with-glibc2.39
37,2,True,2463,0.06324509399354812,20000,20260919_173231,backprop_1986.ipynb,3.13.15,2.1.3,Linux-6.6.122+-x86_64-with-glibc2.39
38,2,True,1878,0.057943875304622604,20000,20260919_173231,backprop_1986.ipynb,3.13.15,2.1.3,Linux-6.6.122+-x86_64-with-glibc2.39
39,2,True,2221,0.04555288418079087,20000,20260919_173231,backprop_1986.ipynb,3.13.15,2.1.3,Linux-6.6.122+-x86_64-with-glibc2.39
40,2,False,20000,0.25020334337185834,20000,20260919_173231,backprop_1986.ipynb,3.13.15,2.1.3,Linux-6.6.122+-x86_64-with-glibc2.39
41,2,True,2257,0.04466921513990681,20000,20260919_173231,backprop_1986.ipynb,3.13.15,2.1.3,Linux-6.6.122+-x86_64-with-glibc2.39
42,2,True,1837,0.05751619653410947,20000,20260919_173231,backprop_1986.ipynb,3.13.15,2.1.3,Linux-6.6.122+-x86_64-with-glibc2.39
43,2,True,4325,0.060885117060750726,20000,20260919_173231,backprop_1986.ipynb,3.13.15,2.1.3,Linux-6.6.122+-x86_64-with-glibc2.39
44,2,True,1208,0.045270003423047794,20000,20260919_173231,backprop_1986.ipynb,3.13.15,2.1.3,Linux-6.6.122+-x86_64-with-glibc2.39
45,2,True,2364,0.05716837901849492,20000,20260919_173231,backprop_1986.ipynb,3.13.15,2.1.3,Linux-6.6.122+-x86_64-with-glibc2.39
46,2,True,2388,0.06322933355123529,20000,20260919_173231,backprop_1986.ipynb,3.13.15,2.1.3,Linux-6.6.122+-x86_64-with-glibc2.39
47,2,True,1459,0.0709073180397015,20000,20260919_173231,backprop_1986.ipynb,3.13.15,2.1.3,Linux-6.6.122+-x86_64-with-glibc2.39
48,2,True,4400,0.05712559688838774,20000,20260919_173231,backprop_1986.ipynb,3.13.15,2.1.3,Linux-6.6.122+-x86_64-with-glibc2.39
49,2,True,4172,0.06366805964958201,20000,20260919_173231,backprop_1986.ipynb,3.13.15,2.1.3,Linux-6.6.122+-x86_64-with-glibc2.39
50,2,True,1030,0.05838797651448906,20000,20260919_173231,backprop_1986.ipynb,3.13.15,2.1.3,Linux-6.6.122+-x86_64-with-glibc2.39
51,2,True,3201,0.04550385249608955,20000,20260919_173231,backprop_1986.ipynb,3.13.15,2.1.3,Linux-6.6.122+-x86_64-with-glibc2.39
52,2,True,1220,0.0466685632299044,20000,20260919_173231,backprop_1986.ipynb,3.13.15,2.1.3,Linux-6.6.122+-x86_64-with-glibc2.39
53,2,True,1824,0.05470122884007267,20000,20260919_173231,backprop_1986.ipynb,3.13.15,2.1.3,Linux-6.6.122+-x86_64-with-glibc2.39
54,2,True,1221,0.05490854848507511,20000,20260919_173231,backprop_1986.ipynb,3.13.15,2.1.3,Linux-6.6.122+-x86_64-with-glibc2.39
55,2,False,20000,0.250218640795074,20000,20260919_173231,backprop_1986.ipynb,3.13.15,2.1.3,Linux-6.6.122+-x86_64-with-glibc2.39
56,2,True,1619,0.05762713338370963,20000,20260919_173231,backprop_1986.ipynb,3.13.15,2.1.3,Linux-6.6.122+-x86_64-with-glibc2.39
57,2,True,3438,0.05739849096459547,20000,20260919_173231,backprop_1986.ipynb,3.13.15,2.1.3,Linux-6.6.122+-x86_64-with-glibc2.39
58,2,True,5531,0.04915296727873222,20000,20260919_173231,backprop_1986.ipynb,3.13.15,2.1.3,Linux-6.6.122+-x86_64-with-glibc2.39
59,2,False,20000,0.2502156425969315,20000,20260919_173231,backprop_1986.ipynb,3.13.15,2.1.3,Linux-6.6.122+-x86_64-with-glibc2.39
60,2,True,1433,0.06380338889486238,20000,20260919_173231,backprop_1986.ipynb,3.13.15,2.1.3,Linux-6.6.122+-x86_64-with-glibc2.39
61,2,True,987,0.056833975377830755,20000,20260919_173231,backprop_1986.ipynb,3.13.15,2.1.3,Linux-6.6.122+-x86_64-with-glibc2.39
62,2,True,6581,0.05654847864635633,20000,20260919_173231,backprop_1986.ipynb,3.13.15,2.1.3,Linux-6.6.122+-x86_64-with-glibc2.39
63,2,True,3322,0.055567990871073294,20000,20260919_173231,backprop_1986.ipynb,3.13.15,2.1.3,Linux-6.6.122+-x86_64-with-glibc2.39
64,2,True,6525,0.06372618951266489,20000,20260919_173231,backprop_1986.ipynb,3.13.15,2.1.3,Linux-6.6.122+-x86_64-with-glibc2.39
65,2,True,2052,0.06395224970322577,20000,20260919_173231,backprop_1986.ipynb,3.13.15,2.1.3,Linux-6.6.122+-x86_64-with-glibc2.39
66,2,True,1988,0.05851453441815922,20000,20260919_173231,backprop_1986.ipynb,3.13.15,2.1.3,Linux-6.6.122+-x86_64-with-glibc2.39
67,2,True,2407,0.04590858110950044,20000,20260919_173231,backprop_1986.ipynb,3.13.15,2.1.3,Linux-6.6.122+-x86_64-with-glibc2.39
68,2,True,3011,0.0605907083549065,20000,20260919_173231,backprop_1986.ipynb,3.13.15,2.1.3,Linux-6.6.122+-x86_64-with-glibc2.39
69,2,True,3397,0.05689465277351511,20000,20260919_173231,backprop_1986.ipynb,3.13.15,2.1.3,Linux-6.6.122+-x86_64-with-glibc2.39
70,2,True,4151,0.0512568424853765,20000,20260919_173231,backprop_1986.ipynb,3.13.15,2.1.3,Linux-6.6.122+-x86_64-with-glibc2.39
71,2,True,4534,0.05827350784112397,20000,20260919_173231,backprop_1986.ipynb,3.13.15,2.1.3,Linux-6.6.122+-x86_64-with-glibc2.39
72,2,True,927,0.04589271039086139,20000,20260919_173231,backprop_1986.ipynb,3.13.15,2.1.3,Linux-6.6.122+-x86_64-with-glibc2.39
73,2,True,3089,0.059442208577999686,20000,20260919_173231,backprop_1986.ipynb,3.13.15,2.1.3,Linux-6.6.122+-x86_64-with-glibc2.39
74,2,True,5023,0.046343493563423176,20000,20260919_173231,backprop_1986.ipynb,3.13.15,2.1.3,Linux-6.6.122+-x86_64-with-glibc2.39
75,2,True,3058,0.06396159580658191,20000,20260919_173231,backprop_1986.ipynb,3.13.15,2.1.3,Linux-6.6.122+-x86_64-with-glibc2.39
76,2,True,1291,0.05804956474149745,20000,20260919_173231,backprop_1986.ipynb,3.13.15,2.1.3,Linux-6.6.122+-x86_64-with-glibc2.39
77,2,True,2558,0.06544487267980989,20000,20260919_173231,backprop_1986.ipynb,3.13.15,2.1.3,Linux-6.6.122+-x86_64-with-glibc2.39
78,2,True,1916,0.057788267327088694,20000,20260919_173231,backprop_1986.ipynb,3.13.15,2.1.3,Linux-6.6.122+-x86_64-with-glibc2.39
79,2,True,951,0.055928108071158805,20000,20260919_173231,backprop_1986.ipynb,3.13.15,2.1.3,Linux-6.6.122+-x86_64-with-glibc2.39
80,2,True,2580,0.05450497653892561,20000,20260919_173231,backprop_1986.ipynb,3.13.15,2.1.3,Linux-6.6.122+-x86_64-with-glibc2.39
81,2,True,2700,0.04913846842164128,20000,20260919_173231,backprop_1986.ipynb,3.13.15,2.1.3,Linux-6.6.122+-x86_64-with-glibc2.39
82,2,True,1355,0.057740430355343486,20000,20260919_173231,backprop_1986.ipynb,3.13.15,2.1.3,Linux-6.6.122+-x86_64-with-glibc2.39
83,2,True,1404,0.045189069286275516,20000,20260919_173231,backprop_1986.ipynb,3.13.15,2.1.3,Linux-6.6.122+-x86_64-with-glibc2.39
84,2,True,1150,0.057934859938692185,20000,20260919_173231,backprop_1986.ipynb,3.13.15,2.1.3,Linux-6.6.122+-x86_64-with-glibc2.39
85,2,True,1966,0.060303954183855445,20000,20260919_173231,backprop_1986.ipynb,3.13.15,2.1.3,Linux-6.6.122+-x86_64-with-glibc2.39
86,2,True,3174,0.048108710303059576,20000,20260919_173231,backprop_1986.ipynb,3.13.15,2.1.3,Linux-6.6.122+-x86_64-with-glibc2.39
87,2,True,6356,0.06492059702402253,20000,20260919_173231,backprop_1986.ipynb,3.13.15,2.1.3,Linux-6.6.122+-x86_64-with-glibc2.39
88,2,True,1880,0.048182384553822157,20000,20260919_173231,backprop_1986.ipynb,3.13.15,2.1.3,Linux-6.6.122+-x86_64-with-glibc2.39
89,2,False,20000,0.25021583615123993,20000,20260919_173231,backprop_1986.ipynb,3.13.15,2.1.3,Linux-6.6.122+-x86_64-with-glibc2.39
90,2,True,2756,0.0645913783699486,20000,20260919_173231,backprop_1986.ipynb,3.13.15,2.1.3,Linux-6.6.122+-x86_64-with-glibc2.39
91,2,True,2065,0.06031726199466099,20000,20260919_173231,backprop_1986.ipynb,3.13.15,2.1.3,Linux-6.6.122+-x86_64-with-glibc2.39
92,2,False,20000,0.25019221233354305,20000,20260919_173231,backprop_1986.ipynb,3.13.15,2.1.3,Linux-6.6.122+-x86_64-with-glibc2.39
93,2,True,2039,0.05857413967110607,20000,20260919_173231,backprop_1986.ipynb,3.13.15,2.1.3,Linux-6.6.122+-x86_64-with-glibc2.39
94,2,True,1948,0.059159034310850095,20000,20260919_173231,backprop_1986.ipynb,3.13.15,2.1.3,Linux-6.6.122+-x86_64-with-glibc2.39
95,2,True,2462,0.06069936162122393,20000,20260919_173231,backprop_1986.ipynb,3.13.15,2.1.3,Linux-6.6.122+-x86_64-with-glibc2.39
96,2,True,7455,0.05691178302430631,20000,20260919_173231,backprop_1986.ipynb,3.13.15,2.1.3,Linux-6.6.122+-x86_64-with-glibc2.39
97,2,True,1930,0.04839274189997181,20000,20260919_173231,backprop_1986.ipynb,3.13.15,2.1.3,Linux-6.6.122+-x86_64-with-glibc2.39
98,2,True,2279,0.050178749247934265,20000,20260919_173231,backprop_1986.ipynb,3.13.15,2.1.3,Linux-6.6.122+-x86_64-with-glibc2.39
99,2,True,2743,0.056993917344432245,20000,20260919_173231,backprop_1986.ipynb,3.13.15,2.1.3,Linux-6.6.122+-x86_64-with-glibc2.39
0,4,True,1207,0.051017577333943964,20000,20260919_173231,backprop_1986.ipynb,3.13.15,2.1.3,Linux-6.6.122+-x86_64-with-glibc2.39
1,4,True,1667,0.06127942001206861,20000,20260919_173231,backprop_1986.ipynb,3.13.15,2.1.3,Linux-6.6.122+-x86_64-with-glibc2.39
2,4,True,982,0.05415792640954192,20000,20260919_173231,backprop_1986.ipynb,3.13.15,2.1.3,Linux-6.6.122+-x86_64-with-glibc2.39
3,4,True,2302,0.053191074997102135,20000,20260919_173231,backprop_1986.ipynb,3.13.15,2.1.3,Linux-6.6.122+-x86_64-with-glibc2.39
4,4,True,1113,0.0552505059863853,20000,20260919_173231,backprop_1986.ipynb,3.13.15,2.1.3,Linux-6.6.122+-x86_64-with-glibc2.39
5,4,True,2033,0.04810005505170506,20000,20260919_173231,backprop_1986.ipynb,3.13.15,2.1.3,Linux-6.6.122+-x86_64-with-glibc2.39
6,4,True,1798,0.06000659604936149,20000,20260919_173231,backprop_1986.ipynb,3.13.15,2.1.3,Linux-6.6.122+-x86_64-with-glibc2.39
7,4,True,1850,0.06743204036313902,20000,20260919_173231,backprop_1986.ipynb,3.13.15,2.1.3,Linux-6.6.122+-x86_64-with-glibc2.39
8,4,True,2869,0.05639397655514909,20000,20260919_173231,backprop_1986.ipynb,3.13.15,2.1.3,Linux-6.6.122+-x86_64-with-glibc2.39
9,4,True,1278,0.05951254328807658,20000,20260919_173231,backprop_1986.ipynb,3.13.15,2.1.3,Linux-6.6.122+-x86_64-with-glibc2.39
10,4,True,1036,0.05455308449303699,20000,20260919_173231,backprop_1986.ipynb,3.13.15,2.1.3,Linux-6.6.122+-x86_64-with-glibc2.39
11,4,True,1472,0.05381512736323405,20000,20260919_173231,backprop_1986.ipynb,3.13.15,2.1.3,Linux-6.6.122+-x86_64-with-glibc2.39
12,4,True,1529,0.04843404388390486,20000,20260919_173231,backprop_1986.ipynb,3.13.15,2.1.3,Linux-6.6.122+-x86_64-with-glibc2.39
13,4,True,970,0.05036163874356561,20000,20260919_173231,backprop_1986.ipynb,3.13.15,2.1.3,Linux-6.6.122+-x86_64-with-glibc2.39
14,4,True,1676,0.060080535458383294,20000,20260919_173231,backprop_1986.ipynb,3.13.15,2.1.3,Linux-6.6.122+-x86_64-with-glibc2.39
15,4,True,2005,0.06337802013574076,20000,20260919_173231,backprop_1986.ipynb,3.13.15,2.1.3,Linux-6.6.122+-x86_64-with-glibc2.39
16,4,True,1148,0.0677105108721511,20000,20260919_173231,backprop_1986.ipynb,3.13.15,2.1.3,Linux-6.6.122+-x86_64-with-glibc2.39
17,4,True,1386,0.06410128262658181,20000,20260919_173231,backprop_1986.ipynb,3.13.15,2.1.3,Linux-6.6.122+-x86_64-with-glibc2.39
18,4,True,1425,0.05689250592005897,20000,20260919_173231,backprop_1986.ipynb,3.13.15,2.1.3,Linux-6.6.122+-x86_64-with-glibc2.39
19,4,True,1160,0.059074499396279144,20000,20260919_173231,backprop_1986.ipynb,3.13.15,2.1.3,Linux-6.6.122+-x86_64-with-glibc2.39
20,4,True,1291,0.05397320214236778,20000,20260919_173231,backprop_1986.ipynb,3.13.15,2.1.3,Linux-6.6.122+-x86_64-with-glibc2.39
21,4,True,1037,0.06116837597399649,20000,20260919_173231,backprop_1986.ipynb,3.13.15,2.1.3,Linux-6.6.122+-x86_64-with-glibc2.39
22,4,True,1438,0.051270290610818225,20000,20260919_173231,backprop_1986.ipynb,3.13.15,2.1.3,Linux-6.6.122+-x86_64-with-glibc2.39
23,4,True,1432,0.05458851291164472,20000,20260919_173231,backprop_1986.ipynb,3.13.15,2.1.3,Linux-6.6.122+-x86_64-with-glibc2.39
24,4,True,1500,0.05943141074104161,20000,20260919_173231,backprop_1986.ipynb,3.13.15,2.1.3,Linux-6.6.122+-x86_64-with-glibc2.39
25,4,True,927,0.047658878193037796,20000,20260919_173231,backprop_1986.ipynb,3.13.15,2.1.3,Linux-6.6.122+-x86_64-with-glibc2.39
26,4,True,2303,0.059662475584229456,20000,20260919_173231,backprop_1986.ipynb,3.13.15,2.1.3,Linux-6.6.122+-x86_64-with-glibc2.39
27,4,True,998,0.053718737130191097,20000,20260919_173231,backprop_1986.ipynb,3.13.15,2.1.3,Linux-6.6.122+-x86_64-with-glibc2.39
28,4,True,1069,0.06458564458180636,20000,20260919_173231,backprop_1986.ipynb,3.13.15,2.1.3,Linux-6.6.122+-x86_64-with-glibc2.39
29,4,True,1424,0.05296486005350177,20000,20260919_173231,backprop_1986.ipynb,3.13.15,2.1.3,Linux-6.6.122+-x86_64-with-glibc2.39
30,4,True,1391,0.05308562921305768,20000,20260919_173231,backprop_1986.ipynb,3.13.15,2.1.3,Linux-6.6.122+-x86_64-with-glibc2.39
31,4,True,870,0.052779209074489776,20000,20260919_173231,backprop_1986.ipynb,3.13.15,2.1.3,Linux-6.6.122+-x86_64-with-glibc2.39
32,4,True,2213,0.06049150050225954,20000,20260919_173231,backprop_1986.ipynb,3.13.15,2.1.3,Linux-6.6.122+-x86_64-with-glibc2.39
33,4,True,3394,0.0732770214030964,20000,20260919_173231,backprop_1986.ipynb,3.13.15,2.1.3,Linux-6.6.122+-x86_64-with-glibc2.39
34,4,True,3716,0.05945037251460579,20000,20260919_173231,backprop_1986.ipynb,3.13.15,2.1.3,Linux-6.6.122+-x86_64-with-glibc2.39
35,4,True,2140,0.05850822048327882,20000,20260919_173231,backprop_1986.ipynb,3.13.15,2.1.3,Linux-6.6.122+-x86_64-with-glibc2.39
36,4,True,3662,0.059070205930316484,20000,20260919_173231,backprop_1986.ipynb,3.13.15,2.1.3,Linux-6.6.122+-x86_64-with-glibc2.39
37,4,True,1227,0.06479205219968964,20000,20260919_173231,backprop_1986.ipynb,3.13.15,2.1.3,Linux-6.6.122+-x86_64-with-glibc2.39
38,4,True,2450,0.060759912219863196,20000,20260919_173231,backprop_1986.ipynb,3.13.15,2.1.3,Linux-6.6.122+-x86_64-with-glibc2.39
39,4,True,2003,0.0532331376586625,20000,20260919_173231,backprop_1986.ipynb,3.13.15,2.1.3,Linux-6.6.122+-x86_64-with-glibc2.39
40,4,True,1159,0.057436831809839356,20000,20260919_173231,backprop_1986.ipynb,3.13.15,2.1.3,Linux-6.6.122+-x86_64-with-glibc2.39
41,4,True,1518,0.05978499661048316,20000,20260919_173231,backprop_1986.ipynb,3.13.15,2.1.3,Linux-6.6.122+-x86_64-with-glibc2.39
42,4,True,1711,0.05111205184025254,20000,20260919_173231,backprop_1986.ipynb,3.13.15,2.1.3,Linux-6.6.122+-x86_64-with-glibc2.39
43,4,True,1006,0.046743925695023295,20000,20260919_173231,backprop_1986.ipynb,3.13.15,2.1.3,Linux-6.6.122+-x86_64-with-glibc2.39
44,4,True,2026,0.06700363505923208,20000,20260919_173231,backprop_1986.ipynb,3.13.15,2.1.3,Linux-6.6.122+-x86_64-with-glibc2.39
45,4,True,1946,0.06213600273835816,20000,20260919_173231,backprop_1986.ipynb,3.13.15,2.1.3,Linux-6.6.122+-x86_64-with-glibc2.39
46,4,True,1054,0.05713618085575008,20000,20260919_173231,backprop_1986.ipynb,3.13.15,2.1.3,Linux-6.6.122+-x86_64-with-glibc2.39
47,4,True,1541,0.05706804542213144,20000,20260919_173231,backprop_1986.ipynb,3.13.15,2.1.3,Linux-6.6.122+-x86_64-with-glibc2.39
48,4,True,9457,0.05080620512496836,20000,20260919_173231,backprop_1986.ipynb,3.13.15,2.1.3,Linux-6.6.122+-x86_64-with-glibc2.39
49,4,True,1554,0.05979911660696212,20000,20260919_173231,backprop_1986.ipynb,3.13.15,2.1.3,Linux-6.6.122+-x86_64-with-glibc2.39
50,4,True,1276,0.05149135871999316,20000,20260919_173231,backprop_1986.ipynb,3.13.15,2.1.3,Linux-6.6.122+-x86_64-with-glibc2.39
51,4,True,2619,0.05844520007098334,20000,20260919_173231,backprop_1986.ipynb,3.13.15,2.1.3,Linux-6.6.122+-x86_64-with-glibc2.39
52,4,True,846,0.05498748081812965,20000,20260919_173231,backprop_1986.ipynb,3.13.15,2.1.3,Linux-6.6.122+-x86_64-with-glibc2.39
53,4,True,2001,0.05865396916760779,20000,20260919_173231,backprop_1986.ipynb,3.13.15,2.1.3,Linux-6.6.122+-x86_64-with-glibc2.39
54,4,True,2660,0.065295696842879,20000,20260919_173231,backprop_1986.ipynb,3.13.15,2.1.3,Linux-6.6.122+-x86_64-with-glibc2.39
55,4,True,2043,0.052917140781896396,20000,20260919_173231,backprop_1986.ipynb,3.13.15,2.1.3,Linux-6.6.122+-x86_64-with-glibc2.39
56,4,True,963,0.05412023538815289,20000,20260919_173231,backprop_1986.ipynb,3.13.15,2.1.3,Linux-6.6.122+-x86_64-with-glibc2.39
57,4,True,5818,0.06950936356662317,20000,20260919_173231,backprop_1986.ipynb,3.13.15,2.1.3,Linux-6.6.122+-x86_64-with-glibc2.39
58,4,True,1195,0.053256546627652564,20000,20260919_173231,backprop_1986.ipynb,3.13.15,2.1.3,Linux-6.6.122+-x86_64-with-glibc2.39
59,4,True,1410,0.06701180192189449,20000,20260919_173231,backprop_1986.ipynb,3.13.15,2.1.3,Linux-6.6.122+-x86_64-with-glibc2.39
60,4,True,2189,0.05537982201571755,20000,20260919_173231,backprop_1986.ipynb,3.13.15,2.1.3,Linux-6.6.122+-x86_64-with-glibc2.39
61,4,True,1021,0.06167753750068778,20000,20260919_173231,backprop_1986.ipynb,3.13.15,2.1.3,Linux-6.6.122+-x86_64-with-glibc2.39
62,4,True,2700,0.06919552041772159,20000,20260919_173231,backprop_1986.ipynb,3.13.15,2.1.3,Linux-6.6.122+-x86_64-with-glibc2.39
63,4,True,1467,0.04993575013055073,20000,20260919_173231,backprop_1986.ipynb,3.13.15,2.1.3,Linux-6.6.122+-x86_64-with-glibc2.39
64,4,True,1163,0.05508789365341943,20000,20260919_173231,backprop_1986.ipynb,3.13.15,2.1.3,Linux-6.6.122+-x86_64-with-glibc2.39
65,4,True,1214,0.06423150349163108,20000,20260919_173231,backprop_1986.ipynb,3.13.15,2.1.3,Linux-6.6.122+-x86_64-with-glibc2.39
66,4,True,1011,0.060368244785390726,20000,20260919_173231,backprop_1986.ipynb,3.13.15,2.1.3,Linux-6.6.122+-x86_64-with-glibc2.39
67,4,True,2037,0.053884704679361434,20000,20260919_173231,backprop_1986.ipynb,3.13.15,2.1.3,Linux-6.6.122+-x86_64-with-glibc2.39
68,4,True,1618,0.06089656359471382,20000,20260919_173231,backprop_1986.ipynb,3.13.15,2.1.3,Linux-6.6.122+-x86_64-with-glibc2.39
69,4,True,1995,0.06927183922696159,20000,20260919_173231,backprop_1986.ipynb,3.13.15,2.1.3,Linux-6.6.122+-x86_64-with-glibc2.39
70,4,True,1068,0.05675961210865463,20000,20260919_173231,backprop_1986.ipynb,3.13.15,2.1.3,Linux-6.6.122+-x86_64-with-glibc2.39
71,4,True,1860,0.059942727374070894,20000,20260919_173231,backprop_1986.ipynb,3.13.15,2.1.3,Linux-6.6.122+-x86_64-with-glibc2.39
72,4,True,936,0.05412925219225992,20000,20260919_173231,backprop_1986.ipynb,3.13.15,2.1.3,Linux-6.6.122+-x86_64-with-glibc2.39
73,4,True,2871,0.06797692033791708,20000,20260919_173231,backprop_1986.ipynb,3.13.15,2.1.3,Linux-6.6.122+-x86_64-with-glibc2.39
74,4,True,1596,0.06009899232038504,20000,20260919_173231,backprop_1986.ipynb,3.13.15,2.1.3,Linux-6.6.122+-x86_64-with-glibc2.39
75,4,True,1040,0.05232834599295359,20000,20260919_173231,backprop_1986.ipynb,3.13.15,2.1.3,Linux-6.6.122+-x86_64-with-glibc2.39
76,4,True,2767,0.04946809860199512,20000,20260919_173231,backprop_1986.ipynb,3.13.15,2.1.3,Linux-6.6.122+-x86_64-with-glibc2.39
77,4,True,4042,0.06770753862496642,20000,20260919_173231,backprop_1986.ipynb,3.13.15,2.1.3,Linux-6.6.122+-x86_64-with-glibc2.39
78,4,True,2694,0.05937680211808198,20000,20260919_173231,backprop_1986.ipynb,3.13.15,2.1.3,Linux-6.6.122+-x86_64-with-glibc2.39
79,4,True,1193,0.05630374917554107,20000,20260919_173231,backprop_1986.ipynb,3.13.15,2.1.3,Linux-6.6.122+-x86_64-with-glibc2.39
80,4,True,858,0.054784988948727645,20000,20260919_173231,backprop_1986.ipynb,3.13.15,2.1.3,Linux-6.6.122+-x86_64-with-glibc2.39
81,4,True,2260,0.06408660019101295,20000,20260919_173231,backprop_1986.ipynb,3.13.15,2.1.3,Linux-6.6.122+-x86_64-with-glibc2.39
82,4,True,1211,0.060188785108215084,20000,20260919_173231,backprop_1986.ipynb,3.13.15,2.1.3,Linux-6.6.122+-x86_64-with-glibc2.39
83,4,True,2035,0.054101767762404954,20000,20260919_173231,backprop_1986.ipynb,3.13.15,2.1.3,Linux-6.6.122+-x86_64-with-glibc2.39
84,4,True,1242,0.06086051627032642,20000,20260919_173231,backprop_1986.ipynb,3.13.15,2.1.3,Linux-6.6.122+-x86_64-with-glibc2.39
85,4,True,2882,0.05913119310210362,20000,20260919_173231,backprop_1986.ipynb,3.13.15,2.1.3,Linux-6.6.122+-x86_64-with-glibc2.39
86,4,True,1775,0.05962859878564562,20000,20260919_173231,backprop_1986.ipynb,3.13.15,2.1.3,Linux-6.6.122+-x86_64-with-glibc2.39
87,4,True,3299,0.05977245905490486,20000,20260919_173231,backprop_1986.ipynb,3.13.15,2.1.3,Linux-6.6.122+-x86_64-with-glibc2.39
88,4,True,1982,0.06905105733641563,20000,20260919_173231,backprop_1986.ipynb,3.13.15,2.1.3,Linux-6.6.122+-x86_64-with-glibc2.39
89,4,True,1228,0.05683763145808984,20000,20260919_173231,backprop_1986.ipynb,3.13.15,2.1.3,Linux-6.6.122+-x86_64-with-glibc2.39
90,4,True,2033,0.06588443989193327,20000,20260919_173231,backprop_1986.ipynb,3.13.15,2.1.3,Linux-6.6.122+-x86_64-with-glibc2.39
91,4,True,1294,0.05152122533672567,20000,20260919_173231,backprop_1986.ipynb,3.13.15,2.1.3,Linux-6.6.122+-x86_64-with-glibc2.39
92,4,True,1318,0.05317053489285548,20000,20260919_173231,backprop_1986.ipynb,3.13.15,2.1.3,Linux-6.6.122+-x86_64-with-glibc2.39
93,4,True,1359,0.06174278432108403,20000,20260919_173231,backprop_1986.ipynb,3.13.15,2.1.3,Linux-6.6.122+-x86_64-with-glibc2.39
94,4,True,1117,0.06759015968854702,20000,20260919_173231,backprop_1986.ipynb,3.13.15,2.1.3,Linux-6.6.122+-x86_64-with-glibc2.39
95,4,True,1188,0.053282897382308445,20000,20260919_173231,backprop_1986.ipynb,3.13.15,2.1.3,Linux-6.6.122+-x86_64-with-glibc2.39
96,4,True,3109,0.06880052134538533,20000,20260919_173231,backprop_1986.ipynb,3.13.15,2.1.3,Linux-6.6.122+-x86_64-with-glibc2.39
97,4,True,862,0.0681030063605369,20000,20260919_173231,backprop_1986.ipynb,3.13.15,2.1.3,Linux-6.6.122+-x86_64-with-glibc2.39
98,4,True,1239,0.05353034937290184,20000,20260919_173231,backprop_1986.ipynb,3.13.15,2.1.3,Linux-6.6.122+-x86_64-with-glibc2.39
99,4,True,2864,0.052599536527181086,20000,20260919_173231,backprop_1986.ipynb,3.13.15,2.1.3,Linux-6.6.122+-x86_64-with-glibc2.39
