task,seed,converged,sweeps,updates,max_sweeps,eta,w1,w2,threshold,margin,run_id,notebook,python,numpy,scipy,platform
AND,0,True,7,10,2000,1.0,1.0,1.0,-2.0,0.0,20260919_173455,perceptron_1958.ipynb,3.13.15,2.1.3,1.16.3,Linux-6.6.122+-x86_64-with-glibc2.39
AND,1,True,4,6,2000,1.0,1.0,1.0,-2.0,0.0,20260919_173455,perceptron_1958.ipynb,3.13.15,2.1.3,1.16.3,Linux-6.6.122+-x86_64-with-glibc2.39
AND,2,True,9,13,2000,1.0,1.0,2.0,-3.0,0.0,20260919_173455,perceptron_1958.ipynb,3.13.15,2.1.3,1.16.3,Linux-6.6.122+-x86_64-with-glibc2.39
AND,3,True,7,10,2000,1.0,1.0,1.0,-2.0,0.0,20260919_173455,perceptron_1958.ipynb,3.13.15,2.1.3,1.16.3,Linux-6.6.122+-x86_64-with-glibc2.39
AND,4,True,4,6,2000,1.0,1.0,1.0,-2.0,0.0,20260919_173455,perceptron_1958.ipynb,3.13.15,2.1.3,1.16.3,Linux-6.6.122+-x86_64-with-glibc2.39
AND,5,True,6,8,2000,1.0,1.0,1.0,-2.0,0.0,20260919_173455,perceptron_1958.ipynb,3.13.15,2.1.3,1.16.3,Linux-6.6.122+-x86_64-with-glibc2.39
AND,6,True,8,13,2000,1.0,1.0,2.0,-3.0,0.0,20260919_173455,perceptron_1958.ipynb,3.13.15,2.1.3,1.16.3,Linux-6.6.122+-x86_64-with-glibc2.39
AND,7,True,6,8,2000,1.0,1.0,1.0,-2.0,0.0,20260919_173455,perceptron_1958.ipynb,3.13.15,2.1.3,1.16.3,Linux-6.6.122+-x86_64-with-glibc2.39
AND,8,True,9,13,2000,1.0,1.0,2.0,-3.0,0.0,20260919_173455,perceptron_1958.ipynb,3.13.15,2.1.3,1.16.3,Linux-6.6.122+-x86_64-with-glibc2.39
AND,9,True,7,13,2000,1.0,1.0,2.0,-3.0,0.0,20260919_173455,perceptron_1958.ipynb,3.13.15,2.1.3,1.16.3,Linux-6.6.122+-x86_64-with-glibc2.39
AND,10,True,8,13,2000,1.0,1.0,2.0,-3.0,0.0,20260919_173455,perceptron_1958.ipynb,3.13.15,2.1.3,1.16.3,Linux-6.6.122+-x86_64-with-glibc2.39
AND,11,True,9,13,2000,1.0,1.0,2.0,-3.0,0.0,20260919_173455,perceptron_1958.ipynb,3.13.15,2.1.3,1.16.3,Linux-6.6.122+-x86_64-with-glibc2.39
AND,12,True,7,8,2000,1.0,1.0,1.0,-2.0,0.0,20260919_173455,perceptron_1958.ipynb,3.13.15,2.1.3,1.16.3,Linux-6.6.122+-x86_64-with-glibc2.39
AND,13,True,8,10,2000,1.0,1.0,1.0,-2.0,0.0,20260919_173455,perceptron_1958.ipynb,3.13.15,2.1.3,1.16.3,Linux-6.6.122+-x86_64-with-glibc2.39
AND,14,True,4,8,2000,1.0,1.0,1.0,-2.0,0.0,20260919_173455,perceptron_1958.ipynb,3.13.15,2.1.3,1.16.3,Linux-6.6.122+-x86_64-with-glibc2.39
AND,15,True,7,13,2000,1.0,2.0,1.0,-3.0,0.0,20260919_173455,perceptron_1958.ipynb,3.13.15,2.1.3,1.16.3,Linux-6.6.122+-x86_64-with-glibc2.39
AND,16,True,5,10,2000,1.0,1.0,1.0,-2.0,0.0,20260919_173455,perceptron_1958.ipynb,3.13.15,2.1.3,1.16.3,Linux-6.6.122+-x86_64-with-glibc2.39
AND,17,True,8,13,2000,1.0,1.0,2.0,-3.0,0.0,20260919_173455,perceptron_1958.ipynb,3.13.15,2.1.3,1.16.3,Linux-6.6.122+-x86_64-with-glibc2.39
AND,18,True,9,13,2000,1.0,2.0,1.0,-3.0,0.0,20260919_173455,perceptron_1958.ipynb,3.13.15,2.1.3,1.16.3,Linux-6.6.122+-x86_64-with-glibc2.39
AND,19,True,8,13,2000,1.0,1.0,2.0,-3.0,0.0,20260919_173455,perceptron_1958.ipynb,3.13.15,2.1.3,1.16.3,Linux-6.6.122+-x86_64-with-glibc2.39
AND,20,True,6,8,2000,1.0,1.0,1.0,-2.0,0.0,20260919_173455,perceptron_1958.ipynb,3.13.15,2.1.3,1.16.3,Linux-6.6.122+-x86_64-with-glibc2.39
AND,21,True,5,8,2000,1.0,1.0,1.0,-2.0,0.0,20260919_173455,perceptron_1958.ipynb,3.13.15,2.1.3,1.16.3,Linux-6.6.122+-x86_64-with-glibc2.39
AND,22,True,9,15,2000,1.0,2.0,1.0,-3.0,0.0,20260919_173455,perceptron_1958.ipynb,3.13.15,2.1.3,1.16.3,Linux-6.6.122+-x86_64-with-glibc2.39
AND,23,True,5,8,2000,1.0,1.0,1.0,-2.0,0.0,20260919_173455,perceptron_1958.ipynb,3.13.15,2.1.3,1.16.3,Linux-6.6.122+-x86_64-with-glibc2.39
AND,24,True,5,8,2000,1.0,1.0,1.0,-2.0,0.0,20260919_173455,perceptron_1958.ipynb,3.13.15,2.1.3,1.16.3,Linux-6.6.122+-x86_64-with-glibc2.39
AND,25,True,6,8,2000,1.0,1.0,1.0,-2.0,0.0,20260919_173455,perceptron_1958.ipynb,3.13.15,2.1.3,1.16.3,Linux-6.6.122+-x86_64-with-glibc2.39
AND,26,True,5,10,2000,1.0,1.0,1.0,-2.0,0.0,20260919_173455,perceptron_1958.ipynb,3.13.15,2.1.3,1.16.3,Linux-6.6.122+-x86_64-with-glibc2.39
AND,27,True,5,6,2000,1.0,1.0,1.0,-2.0,0.0,20260919_173455,perceptron_1958.ipynb,3.13.15,2.1.3,1.16.3,Linux-6.6.122+-x86_64-with-glibc2.39
AND,28,True,6,8,2000,1.0,1.0,1.0,-2.0,0.0,20260919_173455,perceptron_1958.ipynb,3.13.15,2.1.3,1.16.3,Linux-6.6.122+-x86_64-with-glibc2.39
AND,29,True,9,13,2000,1.0,1.0,2.0,-3.0,0.0,20260919_173455,perceptron_1958.ipynb,3.13.15,2.1.3,1.16.3,Linux-6.6.122+-x86_64-with-glibc2.39
AND,30,True,7,13,2000,1.0,1.0,2.0,-3.0,0.0,20260919_173455,perceptron_1958.ipynb,3.13.15,2.1.3,1.16.3,Linux-6.6.122+-x86_64-with-glibc2.39
AND,31,True,6,8,2000,1.0,1.0,1.0,-2.0,0.0,20260919_173455,perceptron_1958.ipynb,3.13.15,2.1.3,1.16.3,Linux-6.6.122+-x86_64-with-glibc2.39
AND,32,True,5,10,2000,1.0,1.0,1.0,-2.0,0.0,20260919_173455,perceptron_1958.ipynb,3.13.15,2.1.3,1.16.3,Linux-6.6.122+-x86_64-with-glibc2.39
AND,33,True,7,11,2000,1.0,2.0,1.0,-3.0,0.0,20260919_173455,perceptron_1958.ipynb,3.13.15,2.1.3,1.16.3,Linux-6.6.122+-x86_64-with-glibc2.39
AND,34,True,7,10,2000,1.0,1.0,1.0,-2.0,0.0,20260919_173455,perceptron_1958.ipynb,3.13.15,2.1.3,1.16.3,Linux-6.6.122+-x86_64-with-glibc2.39
AND,35,True,4,8,2000,1.0,1.0,1.0,-2.0,0.0,20260919_173455,perceptron_1958.ipynb,3.13.15,2.1.3,1.16.3,Linux-6.6.122+-x86_64-with-glibc2.39
AND,36,True,8,13,2000,1.0,2.0,1.0,-3.0,0.0,20260919_173455,perceptron_1958.ipynb,3.13.15,2.1.3,1.16.3,Linux-6.6.122+-x86_64-with-glibc2.39
AND,37,True,6,10,2000,1.0,1.0,1.0,-2.0,0.0,20260919_173455,perceptron_1958.ipynb,3.13.15,2.1.3,1.16.3,Linux-6.6.122+-x86_64-with-glibc2.39
AND,38,True,5,6,2000,1.0,1.0,1.0,-2.0,0.0,20260919_173455,perceptron_1958.ipynb,3.13.15,2.1.3,1.16.3,Linux-6.6.122+-x86_64-with-glibc2.39
AND,39,True,5,8,2000,1.0,1.0,1.0,-2.0,0.0,20260919_173455,perceptron_1958.ipynb,3.13.15,2.1.3,1.16.3,Linux-6.6.122+-x86_64-with-glibc2.39
AND,40,True,5,10,2000,1.0,1.0,1.0,-2.0,0.0,20260919_173455,perceptron_1958.ipynb,3.13.15,2.1.3,1.16.3,Linux-6.6.122+-x86_64-with-glibc2.39
AND,41,True,8,11,2000,1.0,1.0,2.0,-3.0,0.0,20260919_173455,perceptron_1958.ipynb,3.13.15,2.1.3,1.16.3,Linux-6.6.122+-x86_64-with-glibc2.39
AND,42,True,8,15,2000,1.0,2.0,1.0,-3.0,0.0,20260919_173455,perceptron_1958.ipynb,3.13.15,2.1.3,1.16.3,Linux-6.6.122+-x86_64-with-glibc2.39
AND,43,True,7,10,2000,1.0,1.0,1.0,-2.0,0.0,20260919_173455,perceptron_1958.ipynb,3.13.15,2.1.3,1.16.3,Linux-6.6.122+-x86_64-with-glibc2.39
AND,44,True,9,15,2000,1.0,1.0,2.0,-3.0,0.0,20260919_173455,perceptron_1958.ipynb,3.13.15,2.1.3,1.16.3,Linux-6.6.122+-x86_64-with-glibc2.39
AND,45,True,5,10,2000,1.0,1.0,1.0,-2.0,0.0,20260919_173455,perceptron_1958.ipynb,3.13.15,2.1.3,1.16.3,Linux-6.6.122+-x86_64-with-glibc2.39
AND,46,True,4,8,2000,1.0,1.0,1.0,-2.0,0.0,20260919_173455,perceptron_1958.ipynb,3.13.15,2.1.3,1.16.3,Linux-6.6.122+-x86_64-with-glibc2.39
AND,47,True,4,8,2000,1.0,1.0,1.0,-2.0,0.0,20260919_173455,perceptron_1958.ipynb,3.13.15,2.1.3,1.16.3,Linux-6.6.122+-x86_64-with-glibc2.39
AND,48,True,5,8,2000,1.0,1.0,1.0,-2.0,0.0,20260919_173455,perceptron_1958.ipynb,3.13.15,2.1.3,1.16.3,Linux-6.6.122+-x86_64-with-glibc2.39
AND,49,True,10,15,2000,1.0,1.0,2.0,-3.0,0.0,20260919_173455,perceptron_1958.ipynb,3.13.15,2.1.3,1.16.3,Linux-6.6.122+-x86_64-with-glibc2.39
OR,0,True,5,5,2000,1.0,1.0,1.0,-1.0,0.0,20260919_173455,perceptron_1958.ipynb,3.13.15,2.1.3,1.16.3,Linux-6.6.122+-x86_64-with-glibc2.39
OR,1,True,4,5,2000,1.0,1.0,1.0,-1.0,0.0,20260919_173455,perceptron_1958.ipynb,3.13.15,2.1.3,1.16.3,Linux-6.6.122+-x86_64-with-glibc2.39
OR,2,True,4,5,2000,1.0,1.0,1.0,-1.0,0.0,20260919_173455,perceptron_1958.ipynb,3.13.15,2.1.3,1.16.3,Linux-6.6.122+-x86_64-with-glibc2.39
OR,3,True,3,3,2000,1.0,1.0,1.0,-1.0,0.0,20260919_173455,perceptron_1958.ipynb,3.13.15,2.1.3,1.16.3,Linux-6.6.122+-x86_64-with-glibc2.39
OR,4,True,5,5,2000,1.0,1.0,1.0,-1.0,0.0,20260919_173455,perceptron_1958.ipynb,3.13.15,2.1.3,1.16.3,Linux-6.6.122+-x86_64-with-glibc2.39
OR,5,True,4,5,2000,1.0,1.0,1.0,-1.0,0.0,20260919_173455,perceptron_1958.ipynb,3.13.15,2.1.3,1.16.3,Linux-6.6.122+-x86_64-with-glibc2.39
OR,6,True,3,3,2000,1.0,1.0,1.0,-1.0,0.0,20260919_173455,perceptron_1958.ipynb,3.13.15,2.1.3,1.16.3,Linux-6.6.122+-x86_64-with-glibc2.39
OR,7,True,5,5,2000,1.0,1.0,1.0,-1.0,0.0,20260919_173455,perceptron_1958.ipynb,3.13.15,2.1.3,1.16.3,Linux-6.6.122+-x86_64-with-glibc2.39
OR,8,True,3,3,2000,1.0,1.0,1.0,-1.0,0.0,20260919_173455,perceptron_1958.ipynb,3.13.15,2.1.3,1.16.3,Linux-6.6.122+-x86_64-with-glibc2.39
OR,9,True,4,5,2000,1.0,1.0,1.0,-1.0,0.0,20260919_173455,perceptron_1958.ipynb,3.13.15,2.1.3,1.16.3,Linux-6.6.122+-x86_64-with-glibc2.39
OR,10,True,3,3,2000,1.0,1.0,1.0,-1.0,0.0,20260919_173455,perceptron_1958.ipynb,3.13.15,2.1.3,1.16.3,Linux-6.6.122+-x86_64-with-glibc2.39
OR,11,True,4,5,2000,1.0,1.0,1.0,-1.0,0.0,20260919_173455,perceptron_1958.ipynb,3.13.15,2.1.3,1.16.3,Linux-6.6.122+-x86_64-with-glibc2.39
OR,12,True,4,5,2000,1.0,1.0,1.0,-1.0,0.0,20260919_173455,perceptron_1958.ipynb,3.13.15,2.1.3,1.16.3,Linux-6.6.122+-x86_64-with-glibc2.39
OR,13,True,4,5,2000,1.0,1.0,1.0,-1.0,0.0,20260919_173455,perceptron_1958.ipynb,3.13.15,2.1.3,1.16.3,Linux-6.6.122+-x86_64-with-glibc2.39
OR,14,True,3,3,2000,1.0,1.0,1.0,-1.0,0.0,20260919_173455,perceptron_1958.ipynb,3.13.15,2.1.3,1.16.3,Linux-6.6.122+-x86_64-with-glibc2.39
OR,15,True,4,5,2000,1.0,1.0,1.0,-1.0,0.0,20260919_173455,perceptron_1958.ipynb,3.13.15,2.1.3,1.16.3,Linux-6.6.122+-x86_64-with-glibc2.39
OR,16,True,3,3,2000,1.0,1.0,1.0,-1.0,0.0,20260919_173455,perceptron_1958.ipynb,3.13.15,2.1.3,1.16.3,Linux-6.6.122+-x86_64-with-glibc2.39
OR,17,True,5,5,2000,1.0,1.0,1.0,-1.0,0.0,20260919_173455,perceptron_1958.ipynb,3.13.15,2.1.3,1.16.3,Linux-6.6.122+-x86_64-with-glibc2.39
OR,18,True,4,5,2000,1.0,1.0,1.0,-1.0,0.0,20260919_173455,perceptron_1958.ipynb,3.13.15,2.1.3,1.16.3,Linux-6.6.122+-x86_64-with-glibc2.39
OR,19,True,4,5,2000,1.0,1.0,1.0,-1.0,0.0,20260919_173455,perceptron_1958.ipynb,3.13.15,2.1.3,1.16.3,Linux-6.6.122+-x86_64-with-glibc2.39
OR,20,True,4,5,2000,1.0,1.0,1.0,-1.0,0.0,20260919_173455,perceptron_1958.ipynb,3.13.15,2.1.3,1.16.3,Linux-6.6.122+-x86_64-with-glibc2.39
OR,21,True,4,5,2000,1.0,1.0,1.0,-1.0,0.0,20260919_173455,perceptron_1958.ipynb,3.13.15,2.1.3,1.16.3,Linux-6.6.122+-x86_64-with-glibc2.39
OR,22,True,3,3,2000,1.0,1.0,1.0,-1.0,0.0,20260919_173455,perceptron_1958.ipynb,3.13.15,2.1.3,1.16.3,Linux-6.6.122+-x86_64-with-glibc2.39
OR,23,True,4,5,2000,1.0,1.0,1.0,-1.0,0.0,20260919_173455,perceptron_1958.ipynb,3.13.15,2.1.3,1.16.3,Linux-6.6.122+-x86_64-with-glibc2.39
OR,24,True,5,5,2000,1.0,1.0,1.0,-1.0,0.0,20260919_173455,perceptron_1958.ipynb,3.13.15,2.1.3,1.16.3,Linux-6.6.122+-x86_64-with-glibc2.39
OR,25,True,3,3,2000,1.0,1.0,1.0,-1.0,0.0,20260919_173455,perceptron_1958.ipynb,3.13.15,2.1.3,1.16.3,Linux-6.6.122+-x86_64-with-glibc2.39
OR,26,True,4,3,2000,1.0,1.0,1.0,-1.0,0.0,20260919_173455,perceptron_1958.ipynb,3.13.15,2.1.3,1.16.3,Linux-6.6.122+-x86_64-with-glibc2.39
OR,27,True,5,5,2000,1.0,1.0,1.0,-1.0,0.0,20260919_173455,perceptron_1958.ipynb,3.13.15,2.1.3,1.16.3,Linux-6.6.122+-x86_64-with-glibc2.39
OR,28,True,5,5,2000,1.0,1.0,1.0,-1.0,0.0,20260919_173455,perceptron_1958.ipynb,3.13.15,2.1.3,1.16.3,Linux-6.6.122+-x86_64-with-glibc2.39
OR,29,True,5,5,2000,1.0,1.0,1.0,-1.0,0.0,20260919_173455,perceptron_1958.ipynb,3.13.15,2.1.3,1.16.3,Linux-6.6.122+-x86_64-with-glibc2.39
OR,30,True,4,5,2000,1.0,1.0,1.0,-1.0,0.0,20260919_173455,perceptron_1958.ipynb,3.13.15,2.1.3,1.16.3,Linux-6.6.122+-x86_64-with-glibc2.39
OR,31,True,5,5,2000,1.0,1.0,1.0,-1.0,0.0,20260919_173455,perceptron_1958.ipynb,3.13.15,2.1.3,1.16.3,Linux-6.6.122+-x86_64-with-glibc2.39
OR,32,True,5,5,2000,1.0,1.0,1.0,-1.0,0.0,20260919_173455,perceptron_1958.ipynb,3.13.15,2.1.3,1.16.3,Linux-6.6.122+-x86_64-with-glibc2.39
OR,33,True,4,5,2000,1.0,1.0,1.0,-1.0,0.0,20260919_173455,perceptron_1958.ipynb,3.13.15,2.1.3,1.16.3,Linux-6.6.122+-x86_64-with-glibc2.39
OR,34,True,4,5,2000,1.0,1.0,1.0,-1.0,0.0,20260919_173455,perceptron_1958.ipynb,3.13.15,2.1.3,1.16.3,Linux-6.6.122+-x86_64-with-glibc2.39
OR,35,True,5,5,2000,1.0,1.0,1.0,-1.0,0.0,20260919_173455,perceptron_1958.ipynb,3.13.15,2.1.3,1.16.3,Linux-6.6.122+-x86_64-with-glibc2.39
OR,36,True,4,5,2000,1.0,1.0,1.0,-1.0,0.0,20260919_173455,perceptron_1958.ipynb,3.13.15,2.1.3,1.16.3,Linux-6.6.122+-x86_64-with-glibc2.39
OR,37,True,5,5,2000,1.0,1.0,1.0,-1.0,0.0,20260919_173455,perceptron_1958.ipynb,3.13.15,2.1.3,1.16.3,Linux-6.6.122+-x86_64-with-glibc2.39
OR,38,True,4,5,2000,1.0,1.0,1.0,-1.0,0.0,20260919_173455,perceptron_1958.ipynb,3.13.15,2.1.3,1.16.3,Linux-6.6.122+-x86_64-with-glibc2.39
OR,39,True,5,5,2000,1.0,1.0,1.0,-1.0,0.0,20260919_173455,perceptron_1958.ipynb,3.13.15,2.1.3,1.16.3,Linux-6.6.122+-x86_64-with-glibc2.39
OR,40,True,3,3,2000,1.0,1.0,1.0,-1.0,0.0,20260919_173455,perceptron_1958.ipynb,3.13.15,2.1.3,1.16.3,Linux-6.6.122+-x86_64-with-glibc2.39
OR,41,True,4,5,2000,1.0,1.0,1.0,-1.0,0.0,20260919_173455,perceptron_1958.ipynb,3.13.15,2.1.3,1.16.3,Linux-6.6.122+-x86_64-with-glibc2.39
OR,42,True,3,3,2000,1.0,1.0,1.0,-1.0,0.0,20260919_173455,perceptron_1958.ipynb,3.13.15,2.1.3,1.16.3,Linux-6.6.122+-x86_64-with-glibc2.39
OR,43,True,3,3,2000,1.0,1.0,1.0,-1.0,0.0,20260919_173455,perceptron_1958.ipynb,3.13.15,2.1.3,1.16.3,Linux-6.6.122+-x86_64-with-glibc2.39
OR,44,True,4,5,2000,1.0,1.0,1.0,-1.0,0.0,20260919_173455,perceptron_1958.ipynb,3.13.15,2.1.3,1.16.3,Linux-6.6.122+-x86_64-with-glibc2.39
OR,45,True,3,3,2000,1.0,1.0,1.0,-1.0,0.0,20260919_173455,perceptron_1958.ipynb,3.13.15,2.1.3,1.16.3,Linux-6.6.122+-x86_64-with-glibc2.39
OR,46,True,4,5,2000,1.0,1.0,1.0,-1.0,0.0,20260919_173455,perceptron_1958.ipynb,3.13.15,2.1.3,1.16.3,Linux-6.6.122+-x86_64-with-glibc2.39
OR,47,True,3,3,2000,1.0,1.0,1.0,-1.0,0.0,20260919_173455,perceptron_1958.ipynb,3.13.15,2.1.3,1.16.3,Linux-6.6.122+-x86_64-with-glibc2.39
OR,48,True,4,5,2000,1.0,1.0,1.0,-1.0,0.0,20260919_173455,perceptron_1958.ipynb,3.13.15,2.1.3,1.16.3,Linux-6.6.122+-x86_64-with-glibc2.39
OR,49,True,4,5,2000,1.0,1.0,1.0,-1.0,0.0,20260919_173455,perceptron_1958.ipynb,3.13.15,2.1.3,1.16.3,Linux-6.6.122+-x86_64-with-glibc2.39
XOR,0,False,2000,5587,2000,1.0,0.0,0.0,1.0,,20260919_173455,perceptron_1958.ipynb,3.13.15,2.1.3,1.16.3,Linux-6.6.122+-x86_64-with-glibc2.39
XOR,1,False,2000,5632,2000,1.0,1.0,-1.0,0.0,,20260919_173455,perceptron_1958.ipynb,3.13.15,2.1.3,1.16.3,Linux-6.6.122+-x86_64-with-glibc2.39
XOR,2,False,2000,5591,2000,1.0,0.0,-1.0,-1.0,,20260919_173455,perceptron_1958.ipynb,3.13.15,2.1.3,1.16.3,Linux-6.6.122+-x86_64-with-glibc2.39
XOR,3,False,2000,5504,2000,1.0,0.0,0.0,0.0,,20260919_173455,perceptron_1958.ipynb,3.13.15,2.1.3,1.16.3,Linux-6.6.122+-x86_64-with-glibc2.39
XOR,4,False,2000,5570,2000,1.0,0.0,1.0,0.0,,20260919_173455,perceptron_1958.ipynb,3.13.15,2.1.3,1.16.3,Linux-6.6.122+-x86_64-with-glibc2.39
XOR,5,False,2000,5552,2000,1.0,0.0,0.0,0.0,,20260919_173455,perceptron_1958.ipynb,3.13.15,2.1.3,1.16.3,Linux-6.6.122+-x86_64-with-glibc2.39
XOR,6,False,2000,5591,2000,1.0,1.0,0.0,-1.0,,20260919_173455,perceptron_1958.ipynb,3.13.15,2.1.3,1.16.3,Linux-6.6.122+-x86_64-with-glibc2.39
XOR,7,False,2000,5534,2000,1.0,-1.0,0.0,0.0,,20260919_173455,perceptron_1958.ipynb,3.13.15,2.1.3,1.16.3,Linux-6.6.122+-x86_64-with-glibc2.39
XOR,8,False,2000,5542,2000,1.0,-1.0,0.0,0.0,,20260919_173455,perceptron_1958.ipynb,3.13.15,2.1.3,1.16.3,Linux-6.6.122+-x86_64-with-glibc2.39
XOR,9,False,2000,5550,2000,1.0,-1.0,0.0,0.0,,20260919_173455,perceptron_1958.ipynb,3.13.15,2.1.3,1.16.3,Linux-6.6.122+-x86_64-with-glibc2.39
XOR,10,False,2000,5595,2000,1.0,-1.0,0.0,-1.0,,20260919_173455,perceptron_1958.ipynb,3.13.15,2.1.3,1.16.3,Linux-6.6.122+-x86_64-with-glibc2.39
XOR,11,False,2000,5589,2000,1.0,1.0,-1.0,-1.0,,20260919_173455,perceptron_1958.ipynb,3.13.15,2.1.3,1.16.3,Linux-6.6.122+-x86_64-with-glibc2.39
XOR,12,False,2000,5593,2000,1.0,0.0,0.0,-1.0,,20260919_173455,perceptron_1958.ipynb,3.13.15,2.1.3,1.16.3,Linux-6.6.122+-x86_64-with-glibc2.39
XOR,13,False,2000,5635,2000,1.0,0.0,0.0,1.0,,20260919_173455,perceptron_1958.ipynb,3.13.15,2.1.3,1.16.3,Linux-6.6.122+-x86_64-with-glibc2.39
XOR,14,False,2000,5608,2000,1.0,0.0,0.0,0.0,,20260919_173455,perceptron_1958.ipynb,3.13.15,2.1.3,1.16.3,Linux-6.6.122+-x86_64-with-glibc2.39
XOR,15,False,2000,5580,2000,1.0,0.0,0.0,0.0,,20260919_173455,perceptron_1958.ipynb,3.13.15,2.1.3,1.16.3,Linux-6.6.122+-x86_64-with-glibc2.39
XOR,16,False,2000,5586,2000,1.0,0.0,1.0,0.0,,20260919_173455,perceptron_1958.ipynb,3.13.15,2.1.3,1.16.3,Linux-6.6.122+-x86_64-with-glibc2.39
XOR,17,False,2000,5548,2000,1.0,0.0,-1.0,-2.0,,20260919_173455,perceptron_1958.ipynb,3.13.15,2.1.3,1.16.3,Linux-6.6.122+-x86_64-with-glibc2.39
XOR,18,False,2000,5644,2000,1.0,0.0,0.0,0.0,,20260919_173455,perceptron_1958.ipynb,3.13.15,2.1.3,1.16.3,Linux-6.6.122+-x86_64-with-glibc2.39
XOR,19,False,2000,5591,2000,1.0,-1.0,0.0,-1.0,,20260919_173455,perceptron_1958.ipynb,3.13.15,2.1.3,1.16.3,Linux-6.6.122+-x86_64-with-glibc2.39
XOR,20,False,2000,5585,2000,1.0,-1.0,-1.0,-1.0,,20260919_173455,perceptron_1958.ipynb,3.13.15,2.1.3,1.16.3,Linux-6.6.122+-x86_64-with-glibc2.39
XOR,21,False,2000,5595,2000,1.0,0.0,0.0,1.0,,20260919_173455,perceptron_1958.ipynb,3.13.15,2.1.3,1.16.3,Linux-6.6.122+-x86_64-with-glibc2.39
XOR,22,False,2000,5542,2000,1.0,0.0,1.0,0.0,,20260919_173455,perceptron_1958.ipynb,3.13.15,2.1.3,1.16.3,Linux-6.6.122+-x86_64-with-glibc2.39
XOR,23,False,2000,5539,2000,1.0,0.0,0.0,1.0,,20260919_173455,perceptron_1958.ipynb,3.13.15,2.1.3,1.16.3,Linux-6.6.122+-x86_64-with-glibc2.39
XOR,24,False,2000,5581,2000,1.0,-1.0,-1.0,-1.0,,20260919_173455,perceptron_1958.ipynb,3.13.15,2.1.3,1.16.3,Linux-6.6.122+-x86_64-with-glibc2.39
XOR,25,False,2000,5578,2000,1.0,1.0,0.0,0.0,,20260919_173455,perceptron_1958.ipynb,3.13.15,2.1.3,1.16.3,Linux-6.6.122+-x86_64-with-glibc2.39
XOR,26,False,2000,5565,2000,1.0,-1.0,1.0,-1.0,,20260919_173455,perceptron_1958.ipynb,3.13.15,2.1.3,1.16.3,Linux-6.6.122+-x86_64-with-glibc2.39
XOR,27,False,2000,5619,2000,1.0,-1.0,0.0,-1.0,,20260919_173455,perceptron_1958.ipynb,3.13.15,2.1.3,1.16.3,Linux-6.6.122+-x86_64-with-glibc2.39
XOR,28,False,2000,5516,2000,1.0,0.0,0.0,0.0,,20260919_173455,perceptron_1958.ipynb,3.13.15,2.1.3,1.16.3,Linux-6.6.122+-x86_64-with-glibc2.39
XOR,29,False,2000,5551,2000,1.0,0.0,0.0,1.0,,20260919_173455,perceptron_1958.ipynb,3.13.15,2.1.3,1.16.3,Linux-6.6.122+-x86_64-with-glibc2.39
XOR,30,False,2000,5616,2000,1.0,1.0,1.0,0.0,,20260919_173455,perceptron_1958.ipynb,3.13.15,2.1.3,1.16.3,Linux-6.6.122+-x86_64-with-glibc2.39
XOR,31,False,2000,5622,2000,1.0,1.0,0.0,0.0,,20260919_173455,perceptron_1958.ipynb,3.13.15,2.1.3,1.16.3,Linux-6.6.122+-x86_64-with-glibc2.39
XOR,32,False,2000,5568,2000,1.0,0.0,-1.0,-2.0,,20260919_173455,perceptron_1958.ipynb,3.13.15,2.1.3,1.16.3,Linux-6.6.122+-x86_64-with-glibc2.39
XOR,33,False,2000,5607,2000,1.0,0.0,1.0,-1.0,,20260919_173455,perceptron_1958.ipynb,3.13.15,2.1.3,1.16.3,Linux-6.6.122+-x86_64-with-glibc2.39
XOR,34,False,2000,5567,2000,1.0,0.0,-1.0,-1.0,,20260919_173455,perceptron_1958.ipynb,3.13.15,2.1.3,1.16.3,Linux-6.6.122+-x86_64-with-glibc2.39
XOR,35,False,2000,5603,2000,1.0,-1.0,0.0,-1.0,,20260919_173455,perceptron_1958.ipynb,3.13.15,2.1.3,1.16.3,Linux-6.6.122+-x86_64-with-glibc2.39
XOR,36,False,2000,5563,2000,1.0,0.0,-1.0,-1.0,,20260919_173455,perceptron_1958.ipynb,3.13.15,2.1.3,1.16.3,Linux-6.6.122+-x86_64-with-glibc2.39
XOR,37,False,2000,5548,2000,1.0,-1.0,-1.0,0.0,,20260919_173455,perceptron_1958.ipynb,3.13.15,2.1.3,1.16.3,Linux-6.6.122+-x86_64-with-glibc2.39
XOR,38,False,2000,5585,2000,1.0,-1.0,-1.0,-1.0,,20260919_173455,perceptron_1958.ipynb,3.13.15,2.1.3,1.16.3,Linux-6.6.122+-x86_64-with-glibc2.39
XOR,39,False,2000,5585,2000,1.0,-1.0,-1.0,-1.0,,20260919_173455,perceptron_1958.ipynb,3.13.15,2.1.3,1.16.3,Linux-6.6.122+-x86_64-with-glibc2.39
XOR,40,False,2000,5571,2000,1.0,0.0,0.0,1.0,,20260919_173455,perceptron_1958.ipynb,3.13.15,2.1.3,1.16.3,Linux-6.6.122+-x86_64-with-glibc2.39
XOR,41,False,2000,5558,2000,1.0,-1.0,0.0,0.0,,20260919_173455,perceptron_1958.ipynb,3.13.15,2.1.3,1.16.3,Linux-6.6.122+-x86_64-with-glibc2.39
XOR,42,False,2000,5565,2000,1.0,0.0,0.0,-1.0,,20260919_173455,perceptron_1958.ipynb,3.13.15,2.1.3,1.16.3,Linux-6.6.122+-x86_64-with-glibc2.39
XOR,43,False,2000,5668,2000,1.0,0.0,0.0,0.0,,20260919_173455,perceptron_1958.ipynb,3.13.15,2.1.3,1.16.3,Linux-6.6.122+-x86_64-with-glibc2.39
XOR,44,False,2000,5602,2000,1.0,0.0,-1.0,0.0,,20260919_173455,perceptron_1958.ipynb,3.13.15,2.1.3,1.16.3,Linux-6.6.122+-x86_64-with-glibc2.39
XOR,45,False,2000,5594,2000,1.0,1.0,0.0,0.0,,20260919_173455,perceptron_1958.ipynb,3.13.15,2.1.3,1.16.3,Linux-6.6.122+-x86_64-with-glibc2.39
XOR,46,False,2000,5628,2000,1.0,0.0,0.0,0.0,,20260919_173455,perceptron_1958.ipynb,3.13.15,2.1.3,1.16.3,Linux-6.6.122+-x86_64-with-glibc2.39
XOR,47,False,2000,5629,2000,1.0,0.0,0.0,-1.0,,20260919_173455,perceptron_1958.ipynb,3.13.15,2.1.3,1.16.3,Linux-6.6.122+-x86_64-with-glibc2.39
XOR,48,False,2000,5557,2000,1.0,0.0,0.0,-1.0,,20260919_173455,perceptron_1958.ipynb,3.13.15,2.1.3,1.16.3,Linux-6.6.122+-x86_64-with-glibc2.39
XOR,49,False,2000,5604,2000,1.0,0.0,0.0,0.0,,20260919_173455,perceptron_1958.ipynb,3.13.15,2.1.3,1.16.3,Linux-6.6.122+-x86_64-with-glibc2.39
