gamma_target,seed,n,R,gamma,bound,converged,sweeps,updates,within_bound,run_id,notebook,python,numpy,scipy,platform
0.05,0,60,1.7069508994268854,0.09184996681140228,345.3695542967548,True,2,12,True,20260919_173455,perceptron_1958.ipynb,3.13.15,2.1.3,1.16.3,Linux-6.6.122+-x86_64-with-glibc2.39
0.05,1,60,1.530995693181022,0.12033933503368788,161.85746092111037,True,2,2,True,20260919_173455,perceptron_1958.ipynb,3.13.15,2.1.3,1.16.3,Linux-6.6.122+-x86_64-with-glibc2.39
0.05,2,60,1.5888650807878124,0.07209472209488671,485.69887410994164,True,3,12,True,20260919_173455,perceptron_1958.ipynb,3.13.15,2.1.3,1.16.3,Linux-6.6.122+-x86_64-with-glibc2.39
0.05,3,60,1.5059584466326836,0.054495390461389674,763.6712483856256,True,3,12,True,20260919_173455,perceptron_1958.ipynb,3.13.15,2.1.3,1.16.3,Linux-6.6.122+-x86_64-with-glibc2.39
0.05,4,60,1.61735794099414,0.08072292774158486,401.4380001962357,True,2,4,True,20260919_173455,perceptron_1958.ipynb,3.13.15,2.1.3,1.16.3,Linux-6.6.122+-x86_64-with-glibc2.39
0.05,5,60,1.6766590559557941,0.05415188884966348,958.6549048486039,True,3,10,True,20260919_173455,perceptron_1958.ipynb,3.13.15,2.1.3,1.16.3,Linux-6.6.122+-x86_64-with-glibc2.39
0.05,6,60,1.6188430737873685,0.05504577350605651,864.8913333757073,True,5,18,True,20260919_173455,perceptron_1958.ipynb,3.13.15,2.1.3,1.16.3,Linux-6.6.122+-x86_64-with-glibc2.39
0.05,7,60,1.5656068632507303,0.057349009877379516,745.2699054635979,True,4,14,True,20260919_173455,perceptron_1958.ipynb,3.13.15,2.1.3,1.16.3,Linux-6.6.122+-x86_64-with-glibc2.39
0.05,8,60,1.5927718269166784,0.057785939103836614,759.7361285183218,True,4,20,True,20260919_173455,perceptron_1958.ipynb,3.13.15,2.1.3,1.16.3,Linux-6.6.122+-x86_64-with-glibc2.39
0.05,9,60,1.7021386112622325,0.05646891973938128,908.5961397153311,True,2,4,True,20260919_173455,perceptron_1958.ipynb,3.13.15,2.1.3,1.16.3,Linux-6.6.122+-x86_64-with-glibc2.39
0.05,10,60,1.6942874686483338,0.06488433034648716,681.8589476869504,True,2,6,True,20260919_173455,perceptron_1958.ipynb,3.13.15,2.1.3,1.16.3,Linux-6.6.122+-x86_64-with-glibc2.39
0.05,11,60,1.6314774630192481,0.05282803217631793,953.7472316944546,True,2,4,True,20260919_173455,perceptron_1958.ipynb,3.13.15,2.1.3,1.16.3,Linux-6.6.122+-x86_64-with-glibc2.39
0.05,12,60,1.6577608240065393,0.06413835790298687,668.048619637472,True,3,12,True,20260919_173455,perceptron_1958.ipynb,3.13.15,2.1.3,1.16.3,Linux-6.6.122+-x86_64-with-glibc2.39
0.05,13,60,1.6167479227268242,0.06671407605619918,587.2860320984003,True,4,8,True,20260919_173455,perceptron_1958.ipynb,3.13.15,2.1.3,1.16.3,Linux-6.6.122+-x86_64-with-glibc2.39
0.05,14,60,1.6192469823379148,0.05346400241336481,917.282815164762,True,2,6,True,20260919_173455,perceptron_1958.ipynb,3.13.15,2.1.3,1.16.3,Linux-6.6.122+-x86_64-with-glibc2.39
0.05,15,60,1.6555171173458687,0.05717434109527151,838.4265346760884,True,2,6,True,20260919_173455,perceptron_1958.ipynb,3.13.15,2.1.3,1.16.3,Linux-6.6.122+-x86_64-with-glibc2.39
0.05,16,60,1.6679993157548287,0.07874543283807352,448.6844177198645,True,2,6,True,20260919_173455,perceptron_1958.ipynb,3.13.15,2.1.3,1.16.3,Linux-6.6.122+-x86_64-with-glibc2.39
0.05,17,60,1.6383452888765242,0.05587219447435359,859.8435040805203,True,2,2,True,20260919_173455,perceptron_1958.ipynb,3.13.15,2.1.3,1.16.3,Linux-6.6.122+-x86_64-with-glibc2.39
0.05,18,60,1.6478025653675445,0.05539870012060204,884.7309093545881,True,3,14,True,20260919_173455,perceptron_1958.ipynb,3.13.15,2.1.3,1.16.3,Linux-6.6.122+-x86_64-with-glibc2.39
0.05,19,60,1.6980713945590087,0.056480297522212716,903.8949091322656,True,2,4,True,20260919_173455,perceptron_1958.ipynb,3.13.15,2.1.3,1.16.3,Linux-6.6.122+-x86_64-with-glibc2.39
0.1,0,60,1.7069508994268854,0.10589003451166724,259.85547875707755,True,2,6,True,20260919_173455,perceptron_1958.ipynb,3.13.15,2.1.3,1.16.3,Linux-6.6.122+-x86_64-with-glibc2.39
0.1,1,60,1.530995693181022,0.12033933503368788,161.85746092111037,True,2,2,True,20260919_173455,perceptron_1958.ipynb,3.13.15,2.1.3,1.16.3,Linux-6.6.122+-x86_64-with-glibc2.39
0.1,2,60,1.5888650807878124,0.12212741203363074,169.25742620455017,True,2,2,True,20260919_173455,perceptron_1958.ipynb,3.13.15,2.1.3,1.16.3,Linux-6.6.122+-x86_64-with-glibc2.39
0.1,3,60,1.5059584466326836,0.10254310209892106,215.6815890360384,True,3,8,True,20260919_173455,perceptron_1958.ipynb,3.13.15,2.1.3,1.16.3,Linux-6.6.122+-x86_64-with-glibc2.39
0.1,4,60,1.61735794099414,0.12114451968747625,178.2398243952529,True,2,4,True,20260919_173455,perceptron_1958.ipynb,3.13.15,2.1.3,1.16.3,Linux-6.6.122+-x86_64-with-glibc2.39
0.1,5,60,1.575252533529642,0.13255881185368978,141.21576010735782,True,3,8,True,20260919_173455,perceptron_1958.ipynb,3.13.15,2.1.3,1.16.3,Linux-6.6.122+-x86_64-with-glibc2.39
0.1,6,60,1.6188430737873685,0.10763730853184485,226.19543898423984,True,2,8,True,20260919_173455,perceptron_1958.ipynb,3.13.15,2.1.3,1.16.3,Linux-6.6.122+-x86_64-with-glibc2.39
0.1,7,60,1.5656068632507303,0.10392805102482178,226.93415615119238,True,2,6,True,20260919_173455,perceptron_1958.ipynb,3.13.15,2.1.3,1.16.3,Linux-6.6.122+-x86_64-with-glibc2.39
0.1,8,60,1.6195703142144307,0.10460894007960367,239.69667634013632,True,3,12,True,20260919_173455,perceptron_1958.ipynb,3.13.15,2.1.3,1.16.3,Linux-6.6.122+-x86_64-with-glibc2.39
0.1,9,60,1.7021386112622325,0.10553504095102191,260.133617667692,True,2,6,True,20260919_173455,perceptron_1958.ipynb,3.13.15,2.1.3,1.16.3,Linux-6.6.122+-x86_64-with-glibc2.39
0.1,10,60,1.6942874686483338,0.11222376265006943,227.931603643276,True,2,8,True,20260919_173455,perceptron_1958.ipynb,3.13.15,2.1.3,1.16.3,Linux-6.6.122+-x86_64-with-glibc2.39
0.1,11,60,1.6314774630192481,0.10464096031562778,243.08531556274355,True,2,6,True,20260919_173455,perceptron_1958.ipynb,3.13.15,2.1.3,1.16.3,Linux-6.6.122+-x86_64-with-glibc2.39
0.1,12,60,1.6577608240065393,0.11133518145272775,221.7067429780294,True,2,2,True,20260919_173455,perceptron_1958.ipynb,3.13.15,2.1.3,1.16.3,Linux-6.6.122+-x86_64-with-glibc2.39
0.1,13,60,1.6167479227268242,0.10248771773792384,248.85191036757826,True,3,12,True,20260919_173455,perceptron_1958.ipynb,3.13.15,2.1.3,1.16.3,Linux-6.6.122+-x86_64-with-glibc2.39
0.1,14,60,1.6192469823379148,0.11449331267789178,200.01655846194987,True,3,8,True,20260919_173455,perceptron_1958.ipynb,3.13.15,2.1.3,1.16.3,Linux-6.6.122+-x86_64-with-glibc2.39
0.1,15,60,1.6555171173458687,0.11221423440597497,217.65640388520157,True,2,6,True,20260919_173455,perceptron_1958.ipynb,3.13.15,2.1.3,1.16.3,Linux-6.6.122+-x86_64-with-glibc2.39
0.1,16,60,1.6679993157548287,0.1018468216919534,268.22346899003014,True,2,6,True,20260919_173455,perceptron_1958.ipynb,3.13.15,2.1.3,1.16.3,Linux-6.6.122+-x86_64-with-glibc2.39
0.1,17,60,1.6383452888765242,0.10490001360978007,243.92694927498854,True,2,8,True,20260919_173455,perceptron_1958.ipynb,3.13.15,2.1.3,1.16.3,Linux-6.6.122+-x86_64-with-glibc2.39
0.1,18,60,1.6478025653675445,0.10407958507871104,250.6566579712363,True,2,4,True,20260919_173455,perceptron_1958.ipynb,3.13.15,2.1.3,1.16.3,Linux-6.6.122+-x86_64-with-glibc2.39
0.1,19,60,1.6980713945590087,0.14763987057019703,132.2831659461548,True,4,8,True,20260919_173455,perceptron_1958.ipynb,3.13.15,2.1.3,1.16.3,Linux-6.6.122+-x86_64-with-glibc2.39
0.2,0,60,1.7069508994268854,0.20029302255743323,72.62905889822872,True,2,6,True,20260919_173455,perceptron_1958.ipynb,3.13.15,2.1.3,1.16.3,Linux-6.6.122+-x86_64-with-glibc2.39
0.2,1,60,1.4994590735378457,0.20074649287427496,55.79217595546508,True,4,8,True,20260919_173455,perceptron_1958.ipynb,3.13.15,2.1.3,1.16.3,Linux-6.6.122+-x86_64-with-glibc2.39
0.2,2,60,1.615511112957353,0.2021948659844218,63.838055736933995,True,2,2,True,20260919_173455,perceptron_1958.ipynb,3.13.15,2.1.3,1.16.3,Linux-6.6.122+-x86_64-with-glibc2.39
0.2,3,60,1.5834111191872526,0.20285475751227694,60.92800886485012,True,2,4,True,20260919_173455,perceptron_1958.ipynb,3.13.15,2.1.3,1.16.3,Linux-6.6.122+-x86_64-with-glibc2.39
0.2,4,60,1.61735794099414,0.20973815781524935,59.46444804424835,True,2,4,True,20260919_173455,perceptron_1958.ipynb,3.13.15,2.1.3,1.16.3,Linux-6.6.122+-x86_64-with-glibc2.39
0.2,5,60,1.53647654980213,0.20233419611019063,57.665132746022394,True,2,4,True,20260919_173455,perceptron_1958.ipynb,3.13.15,2.1.3,1.16.3,Linux-6.6.122+-x86_64-with-glibc2.39
0.2,6,60,1.6188430737873685,0.20851879986388455,60.27248112359025,True,2,6,True,20260919_173455,perceptron_1958.ipynb,3.13.15,2.1.3,1.16.3,Linux-6.6.122+-x86_64-with-glibc2.39
0.2,7,60,1.5656068632507303,0.20271888900568696,59.645405869877216,True,3,8,True,20260919_173455,perceptron_1958.ipynb,3.13.15,2.1.3,1.16.3,Linux-6.6.122+-x86_64-with-glibc2.39
0.2,8,60,1.6195703142144307,0.21662448607737453,55.89648838271422,True,2,4,True,20260919_173455,perceptron_1958.ipynb,3.13.15,2.1.3,1.16.3,Linux-6.6.122+-x86_64-with-glibc2.39
0.2,9,60,1.7021386112622325,0.2221254515394091,58.72096707929886,True,2,6,True,20260919_173455,perceptron_1958.ipynb,3.13.15,2.1.3,1.16.3,Linux-6.6.122+-x86_64-with-glibc2.39
0.2,10,60,1.6942874686483338,0.22583749988806792,56.283627838701356,True,2,4,True,20260919_173455,perceptron_1958.ipynb,3.13.15,2.1.3,1.16.3,Linux-6.6.122+-x86_64-with-glibc2.39
0.2,11,60,1.6314774630192481,0.20197493371904354,65.24800076780987,True,2,8,True,20260919_173455,perceptron_1958.ipynb,3.13.15,2.1.3,1.16.3,Linux-6.6.122+-x86_64-with-glibc2.39
0.2,12,60,1.6577608240065393,0.23343449957936227,50.432867479098135,True,2,4,True,20260919_173455,perceptron_1958.ipynb,3.13.15,2.1.3,1.16.3,Linux-6.6.122+-x86_64-with-glibc2.39
0.2,13,60,1.6534420727197823,0.22209477979882553,55.42443401779443,True,2,2,True,20260919_173455,perceptron_1958.ipynb,3.13.15,2.1.3,1.16.3,Linux-6.6.122+-x86_64-with-glibc2.39
0.2,14,60,1.6389667148653972,0.20746116599714165,62.41179001101727,True,2,2,True,20260919_173455,perceptron_1958.ipynb,3.13.15,2.1.3,1.16.3,Linux-6.6.122+-x86_64-with-glibc2.39
0.2,15,60,1.6555171173458687,0.2009695400225181,67.85890916474138,True,2,4,True,20260919_173455,perceptron_1958.ipynb,3.13.15,2.1.3,1.16.3,Linux-6.6.122+-x86_64-with-glibc2.39
0.2,16,60,1.6679993157548287,0.20496432883018498,66.22701285063877,True,2,8,True,20260919_173455,perceptron_1958.ipynb,3.13.15,2.1.3,1.16.3,Linux-6.6.122+-x86_64-with-glibc2.39
0.2,17,60,1.5460026855384765,0.20055419551409695,59.42332989256684,True,2,2,True,20260919_173455,perceptron_1958.ipynb,3.13.15,2.1.3,1.16.3,Linux-6.6.122+-x86_64-with-glibc2.39
0.2,18,60,1.6478025653675445,0.20049712653520818,67.54513027615975,True,2,6,True,20260919_173455,perceptron_1958.ipynb,3.13.15,2.1.3,1.16.3,Linux-6.6.122+-x86_64-with-glibc2.39
0.2,19,60,1.6980713945590087,0.2120399338197081,64.13226404256059,True,2,4,True,20260919_173455,perceptron_1958.ipynb,3.13.15,2.1.3,1.16.3,Linux-6.6.122+-x86_64-with-glibc2.39
0.3,0,60,1.7069508994268854,0.3124590542598867,29.843917427954484,True,2,2,True,20260919_173455,perceptron_1958.ipynb,3.13.15,2.1.3,1.16.3,Linux-6.6.122+-x86_64-with-glibc2.39
0.3,1,60,1.4994590735378457,0.3350296397837883,20.031006520533193,True,2,2,True,20260919_173455,perceptron_1958.ipynb,3.13.15,2.1.3,1.16.3,Linux-6.6.122+-x86_64-with-glibc2.39
0.3,2,60,1.615511112957353,0.30513150359640107,28.03146536785856,True,2,6,True,20260919_173455,perceptron_1958.ipynb,3.13.15,2.1.3,1.16.3,Linux-6.6.122+-x86_64-with-glibc2.39
0.3,3,60,1.6504444329645875,0.3178044398269451,26.97005884051984,True,2,2,True,20260919_173455,perceptron_1958.ipynb,3.13.15,2.1.3,1.16.3,Linux-6.6.122+-x86_64-with-glibc2.39
0.3,4,60,1.61735794099414,0.3018720836410107,28.70558391649959,True,2,4,True,20260919_173455,perceptron_1958.ipynb,3.13.15,2.1.3,1.16.3,Linux-6.6.122+-x86_64-with-glibc2.39
0.3,5,60,1.665199826092646,0.31819840158405976,27.386512196620636,True,2,6,True,20260919_173455,perceptron_1958.ipynb,3.13.15,2.1.3,1.16.3,Linux-6.6.122+-x86_64-with-glibc2.39
0.3,6,60,1.6188430737873685,0.3202329476997142,25.55509365849635,True,2,4,True,20260919_173455,perceptron_1958.ipynb,3.13.15,2.1.3,1.16.3,Linux-6.6.122+-x86_64-with-glibc2.39
0.3,7,60,1.5656068632507303,0.30691245132260564,26.02174502429038,True,2,2,True,20260919_173455,perceptron_1958.ipynb,3.13.15,2.1.3,1.16.3,Linux-6.6.122+-x86_64-with-glibc2.39
0.3,8,60,1.6195703142144307,0.31664009101179585,26.161811502852967,True,2,4,True,20260919_173455,perceptron_1958.ipynb,3.13.15,2.1.3,1.16.3,Linux-6.6.122+-x86_64-with-glibc2.39
0.3,9,60,1.7021386112622325,0.3220421738775647,27.936008071841307,True,2,4,True,20260919_173455,perceptron_1958.ipynb,3.13.15,2.1.3,1.16.3,Linux-6.6.122+-x86_64-with-glibc2.39
0.3,10,60,1.6942874686483338,0.3250131336916538,27.175176615171903,True,2,6,True,20260919_173455,perceptron_1958.ipynb,3.13.15,2.1.3,1.16.3,Linux-6.6.122+-x86_64-with-glibc2.39
0.3,11,60,1.6314774630192481,0.301903454783981,29.202900727566956,True,2,6,True,20260919_173455,perceptron_1958.ipynb,3.13.15,2.1.3,1.16.3,Linux-6.6.122+-x86_64-with-glibc2.39
0.3,12,60,1.6577608240065393,0.3033132771600242,29.871766208286623,True,2,4,True,20260919_173455,perceptron_1958.ipynb,3.13.15,2.1.3,1.16.3,Linux-6.6.122+-x86_64-with-glibc2.39
0.3,13,60,1.6534420727197823,0.30118605581879815,30.1375709734691,True,2,2,True,20260919_173455,perceptron_1958.ipynb,3.13.15,2.1.3,1.16.3,Linux-6.6.122+-x86_64-with-glibc2.39
0.3,14,60,1.6389667148653972,0.3184609800414559,26.486697582893672,True,2,2,True,20260919_173455,perceptron_1958.ipynb,3.13.15,2.1.3,1.16.3,Linux-6.6.122+-x86_64-with-glibc2.39
0.3,15,60,1.6555171173458687,0.3330706776252326,24.705551317394466,True,2,2,True,20260919_173455,perceptron_1958.ipynb,3.13.15,2.1.3,1.16.3,Linux-6.6.122+-x86_64-with-glibc2.39
0.3,16,60,1.6679993157548287,0.30225130283446705,30.45477345320496,True,2,2,True,20260919_173455,perceptron_1958.ipynb,3.13.15,2.1.3,1.16.3,Linux-6.6.122+-x86_64-with-glibc2.39
0.3,17,60,1.616835159754455,0.3113737274676016,26.962959431203263,True,2,2,True,20260919_173455,perceptron_1958.ipynb,3.13.15,2.1.3,1.16.3,Linux-6.6.122+-x86_64-with-glibc2.39
0.3,18,60,1.6478025653675445,0.30142196750049033,29.885501544888747,True,2,4,True,20260919_173455,perceptron_1958.ipynb,3.13.15,2.1.3,1.16.3,Linux-6.6.122+-x86_64-with-glibc2.39
0.3,19,60,1.6980713945590087,0.3056064195156713,30.873576784138084,True,2,2,True,20260919_173455,perceptron_1958.ipynb,3.13.15,2.1.3,1.16.3,Linux-6.6.122+-x86_64-with-glibc2.39
