gamma_target,seed,converged,got,best,ratio,run_id,notebook,python,numpy,scipy,platform
0.05,0,True,0.004684412110005833,0.08250967604340151,0.056774094077666135,20260919_173455,perceptron_1958.ipynb,3.13.15,2.1.3,1.16.3,Linux-6.6.122+-x86_64-with-glibc2.39
0.05,1,True,0.05410905497857256,0.12602338314734632,0.42935726392385726,20260919_173455,perceptron_1958.ipynb,3.13.15,2.1.3,1.16.3,Linux-6.6.122+-x86_64-with-glibc2.39
0.05,2,True,0.06508402306941052,0.09980168446588158,0.6521335127530867,20260919_173455,perceptron_1958.ipynb,3.13.15,2.1.3,1.16.3,Linux-6.6.122+-x86_64-with-glibc2.39
0.05,3,True,0.04077621650827199,0.07550882474964637,0.5400192181969162,20260919_173455,perceptron_1958.ipynb,3.13.15,2.1.3,1.16.3,Linux-6.6.122+-x86_64-with-glibc2.39
0.05,4,True,0.03444695840767739,0.19253567913905106,0.17891207781181936,20260919_173455,perceptron_1958.ipynb,3.13.15,2.1.3,1.16.3,Linux-6.6.122+-x86_64-with-glibc2.39
0.05,5,True,0.04938260254942431,0.08871401169403206,0.5566494131698292,20260919_173455,perceptron_1958.ipynb,3.13.15,2.1.3,1.16.3,Linux-6.6.122+-x86_64-with-glibc2.39
0.05,6,True,0.022750696130703428,0.1333044585705149,0.1706671807880218,20260919_173455,perceptron_1958.ipynb,3.13.15,2.1.3,1.16.3,Linux-6.6.122+-x86_64-with-glibc2.39
0.05,7,True,0.08387364514418927,0.11015152112201308,0.7614388279875297,20260919_173455,perceptron_1958.ipynb,3.13.15,2.1.3,1.16.3,Linux-6.6.122+-x86_64-with-glibc2.39
0.05,8,True,0.05209116634524225,0.05610438587994275,0.9284687021922252,20260919_173455,perceptron_1958.ipynb,3.13.15,2.1.3,1.16.3,Linux-6.6.122+-x86_64-with-glibc2.39
0.05,9,True,0.03573157071292946,0.06654429165349135,0.5369592165619627,20260919_173455,perceptron_1958.ipynb,3.13.15,2.1.3,1.16.3,Linux-6.6.122+-x86_64-with-glibc2.39
0.05,10,True,0.006525914336256053,0.09502666983024718,0.06867455576327942,20260919_173455,perceptron_1958.ipynb,3.13.15,2.1.3,1.16.3,Linux-6.6.122+-x86_64-with-glibc2.39
0.05,11,True,0.020919830019106744,0.09895330713160747,0.2114111253632328,20260919_173455,perceptron_1958.ipynb,3.13.15,2.1.3,1.16.3,Linux-6.6.122+-x86_64-with-glibc2.39
0.05,12,True,0.02361858263495984,0.061303578396601596,0.3852724955492835,20260919_173455,perceptron_1958.ipynb,3.13.15,2.1.3,1.16.3,Linux-6.6.122+-x86_64-with-glibc2.39
0.05,13,True,0.07486258692359336,0.11414105980117363,0.6558777976479206,20260919_173455,perceptron_1958.ipynb,3.13.15,2.1.3,1.16.3,Linux-6.6.122+-x86_64-with-glibc2.39
0.05,14,True,0.05106999304806436,0.0632028558863332,0.808032996798608,20260919_173455,perceptron_1958.ipynb,3.13.15,2.1.3,1.16.3,Linux-6.6.122+-x86_64-with-glibc2.39
0.05,15,True,0.0004673233608955348,0.08823468436177168,0.005296368024386633,20260919_173455,perceptron_1958.ipynb,3.13.15,2.1.3,1.16.3,Linux-6.6.122+-x86_64-with-glibc2.39
0.05,16,True,0.03839873158270009,0.0715082539505415,0.5369832076903803,20260919_173455,perceptron_1958.ipynb,3.13.15,2.1.3,1.16.3,Linux-6.6.122+-x86_64-with-glibc2.39
0.05,17,True,0.03519754364320215,0.052419713998727004,0.6714562319828168,20260919_173455,perceptron_1958.ipynb,3.13.15,2.1.3,1.16.3,Linux-6.6.122+-x86_64-with-glibc2.39
0.05,18,True,0.0809098181468216,0.0970766784846624,0.8334629842079417,20260919_173455,perceptron_1958.ipynb,3.13.15,2.1.3,1.16.3,Linux-6.6.122+-x86_64-with-glibc2.39
0.05,19,True,0.03221963436468166,0.1045317550881435,0.3082281966615154,20260919_173455,perceptron_1958.ipynb,3.13.15,2.1.3,1.16.3,Linux-6.6.122+-x86_64-with-glibc2.39
0.1,0,True,0.02491759977210599,0.15348044167296745,0.162350326207686,20260919_173455,perceptron_1958.ipynb,3.13.15,2.1.3,1.16.3,Linux-6.6.122+-x86_64-with-glibc2.39
0.1,1,True,0.04233929215662792,0.13050020068863424,0.3244385214214878,20260919_173455,perceptron_1958.ipynb,3.13.15,2.1.3,1.16.3,Linux-6.6.122+-x86_64-with-glibc2.39
0.1,2,True,0.14567688368777149,0.15117058644592815,0.9636589174698896,20260919_173455,perceptron_1958.ipynb,3.13.15,2.1.3,1.16.3,Linux-6.6.122+-x86_64-with-glibc2.39
0.1,3,True,0.07417436399515778,0.1554177579260927,0.47725797222239325,20260919_173455,perceptron_1958.ipynb,3.13.15,2.1.3,1.16.3,Linux-6.6.122+-x86_64-with-glibc2.39
0.1,4,True,0.11111231317594888,0.22142690637755116,0.5018013167130341,20260919_173455,perceptron_1958.ipynb,3.13.15,2.1.3,1.16.3,Linux-6.6.122+-x86_64-with-glibc2.39
0.1,5,True,0.01139721706466343,0.1308340456799146,0.08711201282078147,20260919_173455,perceptron_1958.ipynb,3.13.15,2.1.3,1.16.3,Linux-6.6.122+-x86_64-with-glibc2.39
0.1,6,True,0.022750696130703428,0.1333044585705149,0.1706671807880218,20260919_173455,perceptron_1958.ipynb,3.13.15,2.1.3,1.16.3,Linux-6.6.122+-x86_64-with-glibc2.39
0.1,7,True,0.07340781191423668,0.15094860732281729,0.4863099648031029,20260919_173455,perceptron_1958.ipynb,3.13.15,2.1.3,1.16.3,Linux-6.6.122+-x86_64-with-glibc2.39
0.1,8,True,0.051909805812143134,0.16479423829290882,0.3149976986445214,20260919_173455,perceptron_1958.ipynb,3.13.15,2.1.3,1.16.3,Linux-6.6.122+-x86_64-with-glibc2.39
0.1,9,True,0.0097735251609571,0.11639627798711435,0.08396767774686986,20260919_173455,perceptron_1958.ipynb,3.13.15,2.1.3,1.16.3,Linux-6.6.122+-x86_64-with-glibc2.39
0.1,10,True,0.04172505785266628,0.11431696286484908,0.3649944575766557,20260919_173455,perceptron_1958.ipynb,3.13.15,2.1.3,1.16.3,Linux-6.6.122+-x86_64-with-glibc2.39
0.1,11,True,0.10857875243037936,0.119646174320841,0.9074987399030123,20260919_173455,perceptron_1958.ipynb,3.13.15,2.1.3,1.16.3,Linux-6.6.122+-x86_64-with-glibc2.39
0.1,12,True,0.06694525708817542,0.12698755545399892,0.5271796661400121,20260919_173455,perceptron_1958.ipynb,3.13.15,2.1.3,1.16.3,Linux-6.6.122+-x86_64-with-glibc2.39
0.1,13,True,0.09331544878758391,0.13280146800490744,0.7026688047163425,20260919_173455,perceptron_1958.ipynb,3.13.15,2.1.3,1.16.3,Linux-6.6.122+-x86_64-with-glibc2.39
0.1,14,True,0.06645964723718344,0.12077027037925714,0.5502980744224465,20260919_173455,perceptron_1958.ipynb,3.13.15,2.1.3,1.16.3,Linux-6.6.122+-x86_64-with-glibc2.39
0.1,15,True,0.09463341679372142,0.11107351046842831,0.8519890691725293,20260919_173455,perceptron_1958.ipynb,3.13.15,2.1.3,1.16.3,Linux-6.6.122+-x86_64-with-glibc2.39
0.1,16,True,0.1655897653100509,0.18013951298216513,0.9192306705439204,20260919_173455,perceptron_1958.ipynb,3.13.15,2.1.3,1.16.3,Linux-6.6.122+-x86_64-with-glibc2.39
0.1,17,True,0.11150875334435902,0.1155055572085178,0.9653973024263802,20260919_173455,perceptron_1958.ipynb,3.13.15,2.1.3,1.16.3,Linux-6.6.122+-x86_64-with-glibc2.39
0.1,18,True,0.045492484703803994,0.12913918668887425,0.352274827418619,20260919_173455,perceptron_1958.ipynb,3.13.15,2.1.3,1.16.3,Linux-6.6.122+-x86_64-with-glibc2.39
0.1,19,True,0.0025440285465571748,0.16467442471875718,0.015448838220640818,20260919_173455,perceptron_1958.ipynb,3.13.15,2.1.3,1.16.3,Linux-6.6.122+-x86_64-with-glibc2.39
0.2,0,True,0.13205400285309737,0.2255028303367837,0.5855979840957096,20260919_173455,perceptron_1958.ipynb,3.13.15,2.1.3,1.16.3,Linux-6.6.122+-x86_64-with-glibc2.39
0.2,1,True,0.0021782704349516966,0.2543649765309958,0.008563562738309069,20260919_173455,perceptron_1958.ipynb,3.13.15,2.1.3,1.16.3,Linux-6.6.122+-x86_64-with-glibc2.39
0.2,2,True,0.17141706697569944,0.21425644887331063,0.8000555776832555,20260919_173455,perceptron_1958.ipynb,3.13.15,2.1.3,1.16.3,Linux-6.6.122+-x86_64-with-glibc2.39
0.2,3,True,0.03702268048674307,0.22515227954827105,0.16443395803508032,20260919_173455,perceptron_1958.ipynb,3.13.15,2.1.3,1.16.3,Linux-6.6.122+-x86_64-with-glibc2.39
0.2,4,True,0.012623403134309439,0.22686278796684906,0.05564333951566384,20260919_173455,perceptron_1958.ipynb,3.13.15,2.1.3,1.16.3,Linux-6.6.122+-x86_64-with-glibc2.39
0.2,5,True,0.20521429207652295,0.24463953530406451,0.8388435328797547,20260919_173455,perceptron_1958.ipynb,3.13.15,2.1.3,1.16.3,Linux-6.6.122+-x86_64-with-glibc2.39
0.2,6,True,0.10204045866882365,0.2535031569857572,0.40252145133859885,20260919_173455,perceptron_1958.ipynb,3.13.15,2.1.3,1.16.3,Linux-6.6.122+-x86_64-with-glibc2.39
0.2,7,True,0.12783191685617323,0.2754302449463937,0.46411721008000717,20260919_173455,perceptron_1958.ipynb,3.13.15,2.1.3,1.16.3,Linux-6.6.122+-x86_64-with-glibc2.39
0.2,8,True,0.20105822968369308,0.24682184089130238,0.8145884860012729,20260919_173455,perceptron_1958.ipynb,3.13.15,2.1.3,1.16.3,Linux-6.6.122+-x86_64-with-glibc2.39
0.2,9,True,0.23378673741505893,0.2630376619999887,0.8887956790578111,20260919_173455,perceptron_1958.ipynb,3.13.15,2.1.3,1.16.3,Linux-6.6.122+-x86_64-with-glibc2.39
0.2,10,True,0.07361521764415363,0.2587833841259586,0.2844665544999698,20260919_173455,perceptron_1958.ipynb,3.13.15,2.1.3,1.16.3,Linux-6.6.122+-x86_64-with-glibc2.39
0.2,11,True,0.17995950406601338,0.2619106344826169,0.6871026998254908,20260919_173455,perceptron_1958.ipynb,3.13.15,2.1.3,1.16.3,Linux-6.6.122+-x86_64-with-glibc2.39
0.2,12,True,0.16926997544834155,0.25583613950040746,0.6616343405544234,20260919_173455,perceptron_1958.ipynb,3.13.15,2.1.3,1.16.3,Linux-6.6.122+-x86_64-with-glibc2.39
0.2,13,True,0.1508836353825218,0.2687399474385601,0.561448481406052,20260919_173455,perceptron_1958.ipynb,3.13.15,2.1.3,1.16.3,Linux-6.6.122+-x86_64-with-glibc2.39
0.2,14,True,0.16200159701703004,0.2856093471388732,0.5672139187316556,20260919_173455,perceptron_1958.ipynb,3.13.15,2.1.3,1.16.3,Linux-6.6.122+-x86_64-with-glibc2.39
0.2,15,True,0.2987411945892807,0.3168896056637174,0.9427295476087793,20260919_173455,perceptron_1958.ipynb,3.13.15,2.1.3,1.16.3,Linux-6.6.122+-x86_64-with-glibc2.39
0.2,16,True,0.1837389211143702,0.23899227760611777,0.7688069378425256,20260919_173455,perceptron_1958.ipynb,3.13.15,2.1.3,1.16.3,Linux-6.6.122+-x86_64-with-glibc2.39
0.2,17,True,0.07815651493962311,0.22891860969053607,0.34141616990108015,20260919_173455,perceptron_1958.ipynb,3.13.15,2.1.3,1.16.3,Linux-6.6.122+-x86_64-with-glibc2.39
0.2,18,True,0.18767417127024158,0.21031309801001669,0.8923560778953631,20260919_173455,perceptron_1958.ipynb,3.13.15,2.1.3,1.16.3,Linux-6.6.122+-x86_64-with-glibc2.39
0.2,19,True,0.14197554555562913,0.21624736680569495,0.6565423091750228,20260919_173455,perceptron_1958.ipynb,3.13.15,2.1.3,1.16.3,Linux-6.6.122+-x86_64-with-glibc2.39
