seed,eta,start,converged,sweeps,updates,run_id,notebook,python,numpy,scipy,platform
0,0.01,영에서,True,2,6,20260919_173455,perceptron_1958.ipynb,3.13.15,2.1.3,1.16.3,Linux-6.6.122+-x86_64-with-glibc2.39
0,0.01,난수에서,True,7,9,20260919_173455,perceptron_1958.ipynb,3.13.15,2.1.3,1.16.3,Linux-6.6.122+-x86_64-with-glibc2.39
0,0.1,영에서,True,2,6,20260919_173455,perceptron_1958.ipynb,3.13.15,2.1.3,1.16.3,Linux-6.6.122+-x86_64-with-glibc2.39
0,0.1,난수에서,True,6,11,20260919_173455,perceptron_1958.ipynb,3.13.15,2.1.3,1.16.3,Linux-6.6.122+-x86_64-with-glibc2.39
0,1.0,영에서,True,2,6,20260919_173455,perceptron_1958.ipynb,3.13.15,2.1.3,1.16.3,Linux-6.6.122+-x86_64-with-glibc2.39
0,1.0,난수에서,True,3,8,20260919_173455,perceptron_1958.ipynb,3.13.15,2.1.3,1.16.3,Linux-6.6.122+-x86_64-with-glibc2.39
0,10.0,영에서,True,2,6,20260919_173455,perceptron_1958.ipynb,3.13.15,2.1.3,1.16.3,Linux-6.6.122+-x86_64-with-glibc2.39
0,10.0,난수에서,True,2,6,20260919_173455,perceptron_1958.ipynb,3.13.15,2.1.3,1.16.3,Linux-6.6.122+-x86_64-with-glibc2.39
1,0.01,영에서,True,3,10,20260919_173455,perceptron_1958.ipynb,3.13.15,2.1.3,1.16.3,Linux-6.6.122+-x86_64-with-glibc2.39
1,0.01,난수에서,True,24,194,20260919_173455,perceptron_1958.ipynb,3.13.15,2.1.3,1.16.3,Linux-6.6.122+-x86_64-with-glibc2.39
1,0.1,영에서,True,3,10,20260919_173455,perceptron_1958.ipynb,3.13.15,2.1.3,1.16.3,Linux-6.6.122+-x86_64-with-glibc2.39
1,0.1,난수에서,True,4,22,20260919_173455,perceptron_1958.ipynb,3.13.15,2.1.3,1.16.3,Linux-6.6.122+-x86_64-with-glibc2.39
1,1.0,영에서,True,3,10,20260919_173455,perceptron_1958.ipynb,3.13.15,2.1.3,1.16.3,Linux-6.6.122+-x86_64-with-glibc2.39
1,1.0,난수에서,True,4,13,20260919_173455,perceptron_1958.ipynb,3.13.15,2.1.3,1.16.3,Linux-6.6.122+-x86_64-with-glibc2.39
1,10.0,영에서,True,3,10,20260919_173455,perceptron_1958.ipynb,3.13.15,2.1.3,1.16.3,Linux-6.6.122+-x86_64-with-glibc2.39
1,10.0,난수에서,True,4,10,20260919_173455,perceptron_1958.ipynb,3.13.15,2.1.3,1.16.3,Linux-6.6.122+-x86_64-with-glibc2.39
2,0.01,영에서,True,2,6,20260919_173455,perceptron_1958.ipynb,3.13.15,2.1.3,1.16.3,Linux-6.6.122+-x86_64-with-glibc2.39
2,0.01,난수에서,True,5,81,20260919_173455,perceptron_1958.ipynb,3.13.15,2.1.3,1.16.3,Linux-6.6.122+-x86_64-with-glibc2.39
2,0.1,영에서,True,2,6,20260919_173455,perceptron_1958.ipynb,3.13.15,2.1.3,1.16.3,Linux-6.6.122+-x86_64-with-glibc2.39
2,0.1,난수에서,True,2,11,20260919_173455,perceptron_1958.ipynb,3.13.15,2.1.3,1.16.3,Linux-6.6.122+-x86_64-with-glibc2.39
2,1.0,영에서,True,2,6,20260919_173455,perceptron_1958.ipynb,3.13.15,2.1.3,1.16.3,Linux-6.6.122+-x86_64-with-glibc2.39
2,1.0,난수에서,True,4,12,20260919_173455,perceptron_1958.ipynb,3.13.15,2.1.3,1.16.3,Linux-6.6.122+-x86_64-with-glibc2.39
2,10.0,영에서,True,2,6,20260919_173455,perceptron_1958.ipynb,3.13.15,2.1.3,1.16.3,Linux-6.6.122+-x86_64-with-glibc2.39
2,10.0,난수에서,True,2,6,20260919_173455,perceptron_1958.ipynb,3.13.15,2.1.3,1.16.3,Linux-6.6.122+-x86_64-with-glibc2.39
3,0.01,영에서,True,4,12,20260919_173455,perceptron_1958.ipynb,3.13.15,2.1.3,1.16.3,Linux-6.6.122+-x86_64-with-glibc2.39
3,0.01,난수에서,True,8,145,20260919_173455,perceptron_1958.ipynb,3.13.15,2.1.3,1.16.3,Linux-6.6.122+-x86_64-with-glibc2.39
3,0.1,영에서,True,4,12,20260919_173455,perceptron_1958.ipynb,3.13.15,2.1.3,1.16.3,Linux-6.6.122+-x86_64-with-glibc2.39
3,0.1,난수에서,True,3,20,20260919_173455,perceptron_1958.ipynb,3.13.15,2.1.3,1.16.3,Linux-6.6.122+-x86_64-with-glibc2.39
3,1.0,영에서,True,4,12,20260919_173455,perceptron_1958.ipynb,3.13.15,2.1.3,1.16.3,Linux-6.6.122+-x86_64-with-glibc2.39
3,1.0,난수에서,True,2,6,20260919_173455,perceptron_1958.ipynb,3.13.15,2.1.3,1.16.3,Linux-6.6.122+-x86_64-with-glibc2.39
3,10.0,영에서,True,4,12,20260919_173455,perceptron_1958.ipynb,3.13.15,2.1.3,1.16.3,Linux-6.6.122+-x86_64-with-glibc2.39
3,10.0,난수에서,True,2,4,20260919_173455,perceptron_1958.ipynb,3.13.15,2.1.3,1.16.3,Linux-6.6.122+-x86_64-with-glibc2.39
4,0.01,영에서,True,4,10,20260919_173455,perceptron_1958.ipynb,3.13.15,2.1.3,1.16.3,Linux-6.6.122+-x86_64-with-glibc2.39
4,0.01,난수에서,True,11,203,20260919_173455,perceptron_1958.ipynb,3.13.15,2.1.3,1.16.3,Linux-6.6.122+-x86_64-with-glibc2.39
4,0.1,영에서,True,4,10,20260919_173455,perceptron_1958.ipynb,3.13.15,2.1.3,1.16.3,Linux-6.6.122+-x86_64-with-glibc2.39
4,0.1,난수에서,True,2,27,20260919_173455,perceptron_1958.ipynb,3.13.15,2.1.3,1.16.3,Linux-6.6.122+-x86_64-with-glibc2.39
4,1.0,영에서,True,4,10,20260919_173455,perceptron_1958.ipynb,3.13.15,2.1.3,1.16.3,Linux-6.6.122+-x86_64-with-glibc2.39
4,1.0,난수에서,True,2,11,20260919_173455,perceptron_1958.ipynb,3.13.15,2.1.3,1.16.3,Linux-6.6.122+-x86_64-with-glibc2.39
4,10.0,영에서,True,4,10,20260919_173455,perceptron_1958.ipynb,3.13.15,2.1.3,1.16.3,Linux-6.6.122+-x86_64-with-glibc2.39
4,10.0,난수에서,True,2,8,20260919_173455,perceptron_1958.ipynb,3.13.15,2.1.3,1.16.3,Linux-6.6.122+-x86_64-with-glibc2.39
5,0.01,영에서,True,2,2,20260919_173455,perceptron_1958.ipynb,3.13.15,2.1.3,1.16.3,Linux-6.6.122+-x86_64-with-glibc2.39
5,0.01,난수에서,True,32,174,20260919_173455,perceptron_1958.ipynb,3.13.15,2.1.3,1.16.3,Linux-6.6.122+-x86_64-with-glibc2.39
5,0.1,영에서,True,2,2,20260919_173455,perceptron_1958.ipynb,3.13.15,2.1.3,1.16.3,Linux-6.6.122+-x86_64-with-glibc2.39
5,0.1,난수에서,True,4,20,20260919_173455,perceptron_1958.ipynb,3.13.15,2.1.3,1.16.3,Linux-6.6.122+-x86_64-with-glibc2.39
5,1.0,영에서,True,2,2,20260919_173455,perceptron_1958.ipynb,3.13.15,2.1.3,1.16.3,Linux-6.6.122+-x86_64-with-glibc2.39
5,1.0,난수에서,True,5,7,20260919_173455,perceptron_1958.ipynb,3.13.15,2.1.3,1.16.3,Linux-6.6.122+-x86_64-with-glibc2.39
5,10.0,영에서,True,2,2,20260919_173455,perceptron_1958.ipynb,3.13.15,2.1.3,1.16.3,Linux-6.6.122+-x86_64-with-glibc2.39
5,10.0,난수에서,True,2,2,20260919_173455,perceptron_1958.ipynb,3.13.15,2.1.3,1.16.3,Linux-6.6.122+-x86_64-with-glibc2.39
6,0.01,영에서,True,2,8,20260919_173455,perceptron_1958.ipynb,3.13.15,2.1.3,1.16.3,Linux-6.6.122+-x86_64-with-glibc2.39
6,0.01,난수에서,True,7,70,20260919_173455,perceptron_1958.ipynb,3.13.15,2.1.3,1.16.3,Linux-6.6.122+-x86_64-with-glibc2.39
6,0.1,영에서,True,2,8,20260919_173455,perceptron_1958.ipynb,3.13.15,2.1.3,1.16.3,Linux-6.6.122+-x86_64-with-glibc2.39
6,0.1,난수에서,True,2,8,20260919_173455,perceptron_1958.ipynb,3.13.15,2.1.3,1.16.3,Linux-6.6.122+-x86_64-with-glibc2.39
6,1.0,영에서,True,2,8,20260919_173455,perceptron_1958.ipynb,3.13.15,2.1.3,1.16.3,Linux-6.6.122+-x86_64-with-glibc2.39
6,1.0,난수에서,True,5,14,20260919_173455,perceptron_1958.ipynb,3.13.15,2.1.3,1.16.3,Linux-6.6.122+-x86_64-with-glibc2.39
6,10.0,영에서,True,2,8,20260919_173455,perceptron_1958.ipynb,3.13.15,2.1.3,1.16.3,Linux-6.6.122+-x86_64-with-glibc2.39
6,10.0,난수에서,True,2,4,20260919_173455,perceptron_1958.ipynb,3.13.15,2.1.3,1.16.3,Linux-6.6.122+-x86_64-with-glibc2.39
7,0.01,영에서,True,2,6,20260919_173455,perceptron_1958.ipynb,3.13.15,2.1.3,1.16.3,Linux-6.6.122+-x86_64-with-glibc2.39
7,0.01,난수에서,True,20,158,20260919_173455,perceptron_1958.ipynb,3.13.15,2.1.3,1.16.3,Linux-6.6.122+-x86_64-with-glibc2.39
7,0.1,영에서,True,2,6,20260919_173455,perceptron_1958.ipynb,3.13.15,2.1.3,1.16.3,Linux-6.6.122+-x86_64-with-glibc2.39
7,0.1,난수에서,True,4,20,20260919_173455,perceptron_1958.ipynb,3.13.15,2.1.3,1.16.3,Linux-6.6.122+-x86_64-with-glibc2.39
7,1.0,영에서,True,2,6,20260919_173455,perceptron_1958.ipynb,3.13.15,2.1.3,1.16.3,Linux-6.6.122+-x86_64-with-glibc2.39
7,1.0,난수에서,True,4,10,20260919_173455,perceptron_1958.ipynb,3.13.15,2.1.3,1.16.3,Linux-6.6.122+-x86_64-with-glibc2.39
7,10.0,영에서,True,2,6,20260919_173455,perceptron_1958.ipynb,3.13.15,2.1.3,1.16.3,Linux-6.6.122+-x86_64-with-glibc2.39
7,10.0,난수에서,True,2,4,20260919_173455,perceptron_1958.ipynb,3.13.15,2.1.3,1.16.3,Linux-6.6.122+-x86_64-with-glibc2.39
8,0.01,영에서,True,3,8,20260919_173455,perceptron_1958.ipynb,3.13.15,2.1.3,1.16.3,Linux-6.6.122+-x86_64-with-glibc2.39
8,0.01,난수에서,True,21,139,20260919_173455,perceptron_1958.ipynb,3.13.15,2.1.3,1.16.3,Linux-6.6.122+-x86_64-with-glibc2.39
8,0.1,영에서,True,3,8,20260919_173455,perceptron_1958.ipynb,3.13.15,2.1.3,1.16.3,Linux-6.6.122+-x86_64-with-glibc2.39
8,0.1,난수에서,True,3,15,20260919_173455,perceptron_1958.ipynb,3.13.15,2.1.3,1.16.3,Linux-6.6.122+-x86_64-with-glibc2.39
8,1.0,영에서,True,3,8,20260919_173455,perceptron_1958.ipynb,3.13.15,2.1.3,1.16.3,Linux-6.6.122+-x86_64-with-glibc2.39
8,1.0,난수에서,True,8,15,20260919_173455,perceptron_1958.ipynb,3.13.15,2.1.3,1.16.3,Linux-6.6.122+-x86_64-with-glibc2.39
8,10.0,영에서,True,3,8,20260919_173455,perceptron_1958.ipynb,3.13.15,2.1.3,1.16.3,Linux-6.6.122+-x86_64-with-glibc2.39
8,10.0,난수에서,True,4,8,20260919_173455,perceptron_1958.ipynb,3.13.15,2.1.3,1.16.3,Linux-6.6.122+-x86_64-with-glibc2.39
9,0.01,영에서,True,2,8,20260919_173455,perceptron_1958.ipynb,3.13.15,2.1.3,1.16.3,Linux-6.6.122+-x86_64-with-glibc2.39
9,0.01,난수에서,True,8,176,20260919_173455,perceptron_1958.ipynb,3.13.15,2.1.3,1.16.3,Linux-6.6.122+-x86_64-with-glibc2.39
9,0.1,영에서,True,2,8,20260919_173455,perceptron_1958.ipynb,3.13.15,2.1.3,1.16.3,Linux-6.6.122+-x86_64-with-glibc2.39
9,0.1,난수에서,True,2,21,20260919_173455,perceptron_1958.ipynb,3.13.15,2.1.3,1.16.3,Linux-6.6.122+-x86_64-with-glibc2.39
9,1.0,영에서,True,2,8,20260919_173455,perceptron_1958.ipynb,3.13.15,2.1.3,1.16.3,Linux-6.6.122+-x86_64-with-glibc2.39
9,1.0,난수에서,True,2,7,20260919_173455,perceptron_1958.ipynb,3.13.15,2.1.3,1.16.3,Linux-6.6.122+-x86_64-with-glibc2.39
9,10.0,영에서,True,2,8,20260919_173455,perceptron_1958.ipynb,3.13.15,2.1.3,1.16.3,Linux-6.6.122+-x86_64-with-glibc2.39
9,10.0,난수에서,True,3,10,20260919_173455,perceptron_1958.ipynb,3.13.15,2.1.3,1.16.3,Linux-6.6.122+-x86_64-with-glibc2.39
10,0.01,영에서,True,2,4,20260919_173455,perceptron_1958.ipynb,3.13.15,2.1.3,1.16.3,Linux-6.6.122+-x86_64-with-glibc2.39
10,0.01,난수에서,True,15,141,20260919_173455,perceptron_1958.ipynb,3.13.15,2.1.3,1.16.3,Linux-6.6.122+-x86_64-with-glibc2.39
10,0.1,영에서,True,2,4,20260919_173455,perceptron_1958.ipynb,3.13.15,2.1.3,1.16.3,Linux-6.6.122+-x86_64-with-glibc2.39
10,0.1,난수에서,True,3,16,20260919_173455,perceptron_1958.ipynb,3.13.15,2.1.3,1.16.3,Linux-6.6.122+-x86_64-with-glibc2.39
10,1.0,영에서,True,2,4,20260919_173455,perceptron_1958.ipynb,3.13.15,2.1.3,1.16.3,Linux-6.6.122+-x86_64-with-glibc2.39
10,1.0,난수에서,True,6,15,20260919_173455,perceptron_1958.ipynb,3.13.15,2.1.3,1.16.3,Linux-6.6.122+-x86_64-with-glibc2.39
10,10.0,영에서,True,2,4,20260919_173455,perceptron_1958.ipynb,3.13.15,2.1.3,1.16.3,Linux-6.6.122+-x86_64-with-glibc2.39
10,10.0,난수에서,True,2,4,20260919_173455,perceptron_1958.ipynb,3.13.15,2.1.3,1.16.3,Linux-6.6.122+-x86_64-with-glibc2.39
11,0.01,영에서,True,2,4,20260919_173455,perceptron_1958.ipynb,3.13.15,2.1.3,1.16.3,Linux-6.6.122+-x86_64-with-glibc2.39
11,0.01,난수에서,True,13,105,20260919_173455,perceptron_1958.ipynb,3.13.15,2.1.3,1.16.3,Linux-6.6.122+-x86_64-with-glibc2.39
11,0.1,영에서,True,2,4,20260919_173455,perceptron_1958.ipynb,3.13.15,2.1.3,1.16.3,Linux-6.6.122+-x86_64-with-glibc2.39
11,0.1,난수에서,True,7,24,20260919_173455,perceptron_1958.ipynb,3.13.15,2.1.3,1.16.3,Linux-6.6.122+-x86_64-with-glibc2.39
11,1.0,영에서,True,2,4,20260919_173455,perceptron_1958.ipynb,3.13.15,2.1.3,1.16.3,Linux-6.6.122+-x86_64-with-glibc2.39
11,1.0,난수에서,True,7,18,20260919_173455,perceptron_1958.ipynb,3.13.15,2.1.3,1.16.3,Linux-6.6.122+-x86_64-with-glibc2.39
11,10.0,영에서,True,2,4,20260919_173455,perceptron_1958.ipynb,3.13.15,2.1.3,1.16.3,Linux-6.6.122+-x86_64-with-glibc2.39
11,10.0,난수에서,True,2,4,20260919_173455,perceptron_1958.ipynb,3.13.15,2.1.3,1.16.3,Linux-6.6.122+-x86_64-with-glibc2.39
12,0.01,영에서,True,5,8,20260919_173455,perceptron_1958.ipynb,3.13.15,2.1.3,1.16.3,Linux-6.6.122+-x86_64-with-glibc2.39
12,0.01,난수에서,True,19,112,20260919_173455,perceptron_1958.ipynb,3.13.15,2.1.3,1.16.3,Linux-6.6.122+-x86_64-with-glibc2.39
12,0.1,영에서,True,5,8,20260919_173455,perceptron_1958.ipynb,3.13.15,2.1.3,1.16.3,Linux-6.6.122+-x86_64-with-glibc2.39
12,0.1,난수에서,True,3,12,20260919_173455,perceptron_1958.ipynb,3.13.15,2.1.3,1.16.3,Linux-6.6.122+-x86_64-with-glibc2.39
12,1.0,영에서,True,5,8,20260919_173455,perceptron_1958.ipynb,3.13.15,2.1.3,1.16.3,Linux-6.6.122+-x86_64-with-glibc2.39
12,1.0,난수에서,True,7,17,20260919_173455,perceptron_1958.ipynb,3.13.15,2.1.3,1.16.3,Linux-6.6.122+-x86_64-with-glibc2.39
12,10.0,영에서,True,5,8,20260919_173455,perceptron_1958.ipynb,3.13.15,2.1.3,1.16.3,Linux-6.6.122+-x86_64-with-glibc2.39
12,10.0,난수에서,True,2,2,20260919_173455,perceptron_1958.ipynb,3.13.15,2.1.3,1.16.3,Linux-6.6.122+-x86_64-with-glibc2.39
13,0.01,영에서,True,2,2,20260919_173455,perceptron_1958.ipynb,3.13.15,2.1.3,1.16.3,Linux-6.6.122+-x86_64-with-glibc2.39
13,0.01,난수에서,True,32,186,20260919_173455,perceptron_1958.ipynb,3.13.15,2.1.3,1.16.3,Linux-6.6.122+-x86_64-with-glibc2.39
13,0.1,영에서,True,2,2,20260919_173455,perceptron_1958.ipynb,3.13.15,2.1.3,1.16.3,Linux-6.6.122+-x86_64-with-glibc2.39
13,0.1,난수에서,True,5,20,20260919_173455,perceptron_1958.ipynb,3.13.15,2.1.3,1.16.3,Linux-6.6.122+-x86_64-with-glibc2.39
13,1.0,영에서,True,2,2,20260919_173455,perceptron_1958.ipynb,3.13.15,2.1.3,1.16.3,Linux-6.6.122+-x86_64-with-glibc2.39
13,1.0,난수에서,True,5,12,20260919_173455,perceptron_1958.ipynb,3.13.15,2.1.3,1.16.3,Linux-6.6.122+-x86_64-with-glibc2.39
13,10.0,영에서,True,2,2,20260919_173455,perceptron_1958.ipynb,3.13.15,2.1.3,1.16.3,Linux-6.6.122+-x86_64-with-glibc2.39
13,10.0,난수에서,True,2,2,20260919_173455,perceptron_1958.ipynb,3.13.15,2.1.3,1.16.3,Linux-6.6.122+-x86_64-with-glibc2.39
14,0.01,영에서,True,5,24,20260919_173455,perceptron_1958.ipynb,3.13.15,2.1.3,1.16.3,Linux-6.6.122+-x86_64-with-glibc2.39
14,0.01,난수에서,True,13,93,20260919_173455,perceptron_1958.ipynb,3.13.15,2.1.3,1.16.3,Linux-6.6.122+-x86_64-with-glibc2.39
14,0.1,영에서,True,5,24,20260919_173455,perceptron_1958.ipynb,3.13.15,2.1.3,1.16.3,Linux-6.6.122+-x86_64-with-glibc2.39
14,0.1,난수에서,True,4,17,20260919_173455,perceptron_1958.ipynb,3.13.15,2.1.3,1.16.3,Linux-6.6.122+-x86_64-with-glibc2.39
14,1.0,영에서,True,5,24,20260919_173455,perceptron_1958.ipynb,3.13.15,2.1.3,1.16.3,Linux-6.6.122+-x86_64-with-glibc2.39
14,1.0,난수에서,True,4,17,20260919_173455,perceptron_1958.ipynb,3.13.15,2.1.3,1.16.3,Linux-6.6.122+-x86_64-with-glibc2.39
14,10.0,영에서,True,5,24,20260919_173455,perceptron_1958.ipynb,3.13.15,2.1.3,1.16.3,Linux-6.6.122+-x86_64-with-glibc2.39
14,10.0,난수에서,True,3,14,20260919_173455,perceptron_1958.ipynb,3.13.15,2.1.3,1.16.3,Linux-6.6.122+-x86_64-with-glibc2.39
